Sequence,miRNAName,N308,N309
aaagugcugcgacauuugagcgu,hsa-mir-372-5p,0,0
gaagugcuucgauuuuggggugu,hsa-mir-373-5p,0,0
gugccgccaucuuuugagugu,hsa-mir-371-5p,0,0
uaagugcuuccauguuuuaguag,hsa-mir-302b-5p,0,0
caucccuugcaugguggagggu,hsa-mir-188-5p,0,0
ggcaagaugcuggcauagcug,hsa-mir-31-5p,0,0
uuuggcacuagcacauuuuugc,hsa-mir-96-5p,0,0
aucgggaaugucguguccgcc,hsa-mir-425-5p,0,0
uccuucauuccaccggagucug,hsa-mir-205-5p,0,0
agcucggucugaggccccucag,hsa-mir-423-5p,0,0
aauugcacuuuagcaaugguga,hsa-mir-367-5p,0,0
uauggcuuuucauuccuaugug,hsa-mir-135b-5p,0,0
ucuggcuccgugucuucacucc,hsa-mir-149-5p,0,0
uauggcacugguagaauucacug,hsa-mir-183-5p,0,0
gucaacacuugcugguuuccuc,hsa-mir-505-5p,0,0
aauccuuggaaccuaggugugag,hsa-mir-362-5p,0,0
uguuugcagaggaaacugagac,hsa-mir-452-5p,0,0
aauccuuugucccugggugaga,hsa-mir-501-5p,0,0
agggcccccccucaauccugu,hsa-mir-296-5p,0,0
uaagugcuuccauguuuugguga,hsa-mir-302a-5p,0,0
uaagugcuuccauguuucagugg,hsa-mir-302c-5p,0,0
uaagugcuuccauguuugagugu,hsa-mir-302d-5p,0,0
ucccuguccuccaggagcuca,hsa-mir-339-5p,0,0
ugcugacuccuaguccagggc,hsa-mir-345-5p,0,0
caagucacuagugguuccguuua,hsa-mir-224-5p,0,0
ucagugcaucacagaacuuugu,hsa-mir-148b-5p,0,0
uggacggagaacugauaagggu,hsa-mir-184-5p,0,0
cacucagccuugagggcacuuuc,hsa-mir-512-1-5p,0,0
cacucagccuugagggcacuuuc,hsa-mir-512-2-5p,0,0
uuucaagccagggggcguuuuuc,hsa-mir-498-5p,0,0
auccuugcuaucugggugcua,hsa-mir-502-5p,0,0
aucgugcaucccuuuagaguguu,hsa-mir-517a-5p,0,0
aucgugcauccuuuuagagugu,hsa-mir-517c-5p,0,0
cuccagagggaugcacuuucu,hsa-mir-525-5p,0,0
uuuggcaaugguagaacucaca,hsa-mir-182-5p,1,0
ucuuugguuaucuagcuguauga,hsa-mir-9-5p,1,0
cauugcacuugucucggucuga,hsa-mir-25-5p,9,13
uaaggugcaucuagugcagaua,hsa-mir-18a-5p,13,9
acuagacugaagcuccuugagg,hsa-mir-151-5p,0,2
uauugcacuugucccggccug,hsa-mir-92a-5p,8,14
caaagaauucuccuuuugggcuu,hsa-mir-186-5p,1,1
ucacagugaaccggucucuuuc,hsa-mir-128b-5p,0,2
ucacagugaaccggucucuuuu,hsa-mir-128a-5p,0,2
gugcauuguaguugcauug,hsa-mir-33-5p,5,10
uaaagugcugacagugcagau,hsa-mir-106b-5p,9,7
uggagagaaaggcaguuc,hsa-mir-185-5p,1,0
agcagcauuguacagggcuauga,hsa-mir-103-5p,44,58
aaagugcuguucgugcagguag,hsa-mir-93-5p,9,3
cagugcaauaguauugucaaagc,hsa-mir-301-5p,5,3
cagugcaaugaugaaagggcau,hsa-mir-130b-5p,3,1
cuggacuuggagucagaaggcc,hsa-mir-422b-5p,0,1
acugcagugaaggcacuugu,hsa-mir-17-3p,7,11
aacauucauugcugucgguggg,hsa-mir-181b-5p,3,3
uccagcaucagugauuuuguuga,hsa-mir-338-5p,3,8
caaagugcuuacagugcagguagu,hsa-mir-17-5p,9,11
aucacauugccagggauuucc,hsa-mir-23a-5p,9,15
uauugcacauuacuaaguugc,hsa-mir-32-5p,14,9
uaaagugcuuauagugcagguag,hsa-mir-20a-5p,12,13
uguaaacauccuacacucagcu,hsa-mir-30b-5p,22,43
uguaaacauccccgacuggaag,hsa-mir-30d-5p,38,85
agcagcauuguacagggcuauca,hsa-mir-107-5p,17,22
uggaagacuagugauuuuguug,hsa-mir-7-5p,0,1
ugauuguccaaacgcaauucu,hsa-mir-219-5p,0,1
agcugguguugugaauc,hsa-mir-138-5p,2,0
uagcuuaucagacugauguuga,hsa-mir-21-5p,1177,1306
uaacacugucugguaaagaugg,hsa-mir-141-5p,69,59
uagcagcacaucaugguuuaca,hsa-mir-15b-5p,9,11
aaaagcuggguugagagggcgaa,hsa-mir-320-5p,7,3
uagcagcacauaaugguuugug,hsa-mir-15a-5p,42,51
augaccuaugaauugacagac,hsa-mir-215-5p,16,13
cagcagcaauucauguuuugaa,hsa-mir-424-5p,3,5
agcuacaucuggcuacugggucuc,hsa-mir-222-5p,21,17
aaggagcucacagucuauugag,hsa-mir-28-5p,9,12
aacuggccuacaaagucccag,hsa-mir-193a-5p,77,225
aagcugccaguugaagaacugu,hsa-mir-22-5p,128,178
ugugcaaaucuaugcaaaacuga,hsa-mir-19a-5p,11,25
agcuacauugucugcuggguuuc,hsa-mir-221-5p,10,9
aacuggcccucaaagucccgcuuu,hsa-mir-193b-5p,1,3
uuaucagaaucuccagggguac,hsa-mir-361-5p,0,2
uagguaguuucauguuguugg,hsa-mir-196a-5p,1,1
ucagugcacuacagaacuuugu,hsa-mir-148a-5p,2,8
aucacauugccagggauuacc,hsa-mir-23b-5p,29,74
uguaacagcaacuccaugugga,hsa-mir-194-5p,320,253
cuuucagucggauguuuacagc,hsa-mir-30e-3p,3,3
aaaagugcuuacagugcagguagc,hsa-mir-106a-5p,2,4
ugagaacugaauuccauaggcu,hsa-mir-146b-5p,1,2
ucaagagcaauaacgaaaaaugu,hsa-mir-335-5p,80,43
caacggaaucccaaaagcagcu,hsa-mir-191-5p,47,73
cugaccuaugaauugacagcc,hsa-mir-192-5p,296,205
uagcagcacguaaauauuggcg,hsa-mir-16-5p,81,114
gugaaauguuuaggaccacuag,hsa-mir-203-5p,8,10
uaauacugucugguaaaaccgu,hsa-mir-429-5p,9,6
aacauucaacgcugucggugagu,hsa-mir-181a-5p,26,36
gccccugggccuauccuagaa,hsa-mir-331-5p,3,5
cacccguagaaccgaccuugcg,hsa-mir-99b-5p,4,8
uaauacugccggguaaugaugg,hsa-mir-200c-5p,612,470
ugugcaaauccaugcaaaacuga,hsa-mir-19b-5p,42,80
uuaaugcuaaucgugauagggg,hsa-mir-155-5p,9,9
uucaccaccuucuccacccagc,hsa-mir-197-5p,1,4
uacccuguagauccgaauuugug,hsa-mir-10a-5p,10,14
uggcagugucuuagcugguuguu,hsa-mir-34a-5p,5,7
ugagguaggagguuguauagu,hsa-let-7e-5p,4,2
ucuacagugcacgugucu,hsa-mir-139-5p,4,2
aacccguagauccgaucuugug,hsa-mir-99a-5p,2,4
uuauaauacaaccugauaagug,hsa-mir-374a-5p,53,108
uaauacugccugguaaugaugac,hsa-mir-200b-5p,582,329
uucaaguaauucaggauagguu,hsa-mir-26b-5p,37,82
uguaaacauccuacacucucagc,hsa-mir-30c-5p,43,64
uggcucaguucagcaggaacag,hsa-mir-24-5p,202,445
uagcaccauuugaaaucaguguu,hsa-mir-29b-5p,66,101
ucccugagacccuuuaaccugug,hsa-mir-125a-5p,3,7
uguaaacauccuugacugga,hsa-mir-30e-5p,125,180
uaacacugucugguaacgaugu,hsa-mir-200a-5p,1050,719
uucacaguggcuaaguucugc,hsa-mir-27b-5p,66,153
uucacaguggcuaaguuccgc,hsa-mir-27a-5p,138,426
uucaaguaauccaggauaggc,hsa-mir-26a-5p,304,564
ucucacacagaaaucgcacccguc,hsa-mir-342-5p,11,14
agagguaguagguugcauagu,hsa-let-7d-5p,8,5
cugugcgugugacagcggcuga,hsa-mir-210-5p,9,5
uagguaguuuccuguuguugg,hsa-mir-196b-5p,7,7
uacaguacugugauaacugaag,hsa-mir-101-5p,179,289
ugagguaguaguuuguacagu,hsa-let-7g-5p,82,102
uagcaccauuugaaaucggu,hsa-mir-29c-5p,60,84
ugagguaguaguuugugcugu,hsa-let-7i-5p,10,12
uaaugccccuaaaaauccuuau,hsa-mir-365-5p,6,16
uuuguucguucggcucgcguga,hsa-mir-375-5p,16,29
uugugcuugaucuaaccaugu,hsa-mir-218-5p,43,53
uagcaccaucugaaaucgguu,hsa-mir-29a-5p,44,64
cagugcaauguuaaaagggcau,hsa-mir-130a-5p,11,30
ugagguaguagguuguauaguu,hsa-let-7a-5p,43,95
ucguaccgugaguaauaaugc,hsa-mir-126-5p,61,82
ugagguaguagauuguauaguu,hsa-let-7f-5p,67,106
uguaaacauccucgacuggaag,hsa-mir-30a-5p,152,227
uguaguguuuccuacuuuaugga,hsa-mir-142-3p,170,201
ugagaugaagcacuguagcuca,hsa-mir-143-5p,724,1823
guccaguuuucccaggaaucccuu,hsa-mir-145-5p,367,878
aaaccguuaccauuacugaguuu,hsa-mir-451-5p,311,393
uacaguauagaugauguacuag,hsa-mir-144-5p,173,219
ucccugagacccuaacuuguga,hsa-mir-125b-5p,33,65
ugagguaguagguugugugguu,hsa-let-7b-5p,32,59
uagcagcacagaaauauuggc,hsa-mir-195-5p,31,87
uggaauguaaagaaguaugua,hsa-mir-1-5p,27,95
ucucccaacccuuguaccagug,hsa-mir-150-5p,41,26
cauaaaguagaaagcacuac,hsa-mir-142-5p,10,27
aacccguagauccgaacuugug,hsa-mir-100-5p,2,6
uugguccccuucaaccagcugu,hsa-mir-133a-5p,14,34
uucaacggguauuuauugagca,hsa-mir-95-5p,2,5
agugguuuuacccuaugguag,hsa-mir-140-5p,12,8
cccaguguucagacuaccuguuc,hsa-mir-199a-5p,12,12
acagcaggcacagacaggcag,hsa-mir-214-5p,9,11
cagcagcacacugugguuugu,hsa-mir-497-5p,10,15
ucagugcaugacagaacuuggg,hsa-mir-152-5p,7,3
ugagguaguaaguuguauuguu,hsa-mir-98-5p,2,1
uuuuugcgauguguuccuaaua,hsa-mir-450-5p,1,0
gcaaagcacacggccugcagaga,hsa-mir-330-5p,0,2
ugagguaguagguuguaugguu,hsa-let-7c-5p,5,10
ugucaguuugucaaauacccc,hsa-mir-223-5p,2,6
acuccauuuguuuugaugaugga,hsa-mir-136-5p,4,9
auugcacgguauccaucuguaa,hsa-mir-363-5p,5,9
aacauucaaccugucggugagu,hsa-mir-181c-5p,1,4
uaaggugcaucuagugcaguua,hsa-mir-18b-5p,0,1
cccaguguuuagacuaucuguuc,hsa-mir-199b-5p,3,5
uuaagacuugcagugauguuuaa,hsa-mir-499-5p,0,0
cgaauguugcucggugaaccccu,hsa-mir-409-3p,3,3
uugcauagucacaaaaguga,hsa-mir-153-5p,1,1
cgcauccccuagggcauuggugu,hsa-mir-324-5p,0,6
ugagaacugaauuccauggguu,hsa-mir-146a-5p,1,5
gcacauuacacggucgaccucu,hsa-mir-323-5p,1,4
uacccuguagaaccgaauuugu,hsa-mir-10b-5p,4,0
uagguuauccguguugccuucg,hsa-mir-154-5p,1,3
ccacugccccaggugcugcugg,hsa-mir-324-3p,1,0
aacauucauuguugucgguggguu,hsa-mir-181d-5p,0,1
aauauaacacagauggccuguu,hsa-mir-410-5p,2,3
ugauauguuugauauauuaggu,hsa-mir-190-5p,4,0
cuccugacuccagguccugugu,hsa-mir-378-5p,0,4
uaacagucuacagccauggucg,hsa-mir-132-5p,2,0
aucacacaaaggcaacuuuugu,hsa-mir-377-5p,1,1
uuaaggcacgcggugaaugcca,hsa-mir-124a-5p,1,2
uaugugggaugguaaaccgcuu,hsa-mir-299-3p,0,2
auugacacuucugugaguag,hsa-mir-514-5p,0,0
accaucgaccguugauuguacc,hsa-mir-213-5p,0,0
uauacaagggcaagcucucugu,hsa-mir-381-5p,2,0
uauggcuuuuuauuccuauguga,hsa-mir-135a-5p,1,0
cuuucagucggauguuugcagc,hsa-mir-30a-3p,0,1
caaagugcucauagugcagguag,hsa-mir-20b-5p,0,2
aaacaaacauggugcacuucuuu,hsa-mir-495-5p,0,1
uucccuuugucauccuaugccu,hsa-mir-204-5p,0,1
ugguuuaccgucccacauacau,hsa-mir-299-5p,0,1
ccucugggcccuuccuccag,hsa-mir-326-5p,0,0
aggcaguguaguuagcugauugc,hsa-mir-34c-5p,0,1
ugguagacuauggaacgua,hsa-mir-379-5p,0,0
gaaguuguucgugguggauucg,hsa-mir-382-5p,0,0
uggcaguguauuguuagcuggu,hsa-mir-449-5p,0,0
ugaaacauacacgggaaaccucuu,hsa-mir-494-5p,0,1
uuuugcaccuuuuggagugaa,hsa-mir-507-5p,0,0
caaagcgcuccccuuuagaggu,hsa-mir-518b-5p,0,0
aaagugcuucucuuugguggguu,hsa-mir-520d-5p,0,0
acaaagugcuucccuuuagagugu,hsa-mir-520g-5p,0,0
acaaagugcuucccuuuagagu,hsa-mir-520h-5p,0,0
aacgcacuucccuuuagagugu,hsa-mir-521-5p,0,0
