miRNA,#Genes,Most matched sequence,hsa_Lung-adenoc-A549-mock,hsa_Kidney-embryo-HEK293
hsa-miR-142,1,5p CAUAAAGUAGAAAGCACUACU,0,0
,,3p UGUAGUGUUUCCUACUUUAUGGA,0,0
hsa-miR-16,2,   UAGCAGCACGUAAAUAUUGGCG,53,15
,,"*  CCAGUAUUAACUGUGCUGCUGA, CCAAUAUUACUGUGCUGCUUUA",0,0
hsa-miR-21,1,   UAGCUUAUCAGACUGAUGUUGA,144,0
,,*  CAACACCAGUCGAUGGGCUGU,0,0
hsa-miR-15a,1,   UAGCAGCACAUAAUGGUUUGUG,14,21
,,*  CAGGCCAUAUUGUGCUGCCUCA,0,0
hsa-miR-29b,2,   UAGCACCAUUUGAAAUCAGUGUU,17,1
,,"*  CUGGUUUCACAUGGUGGCUUAG, GCUGGUUUCAUAUGGUGGUUUAGA",2,0
hsa-let-7a,3,   UGAGGUAGUAGGUUGUAUAGUU,59,0
,,*  CUAUACAAUCUACUGUCUUUCU,0,0
hsa-miR-126,1,   UCGUACCGUGAGUAAUAAUGCG,4,0
,,*  CAUUAUUACUUUUGGUACGCG,5,0
hsa-miR-143,1,   UGAGAUGAAGCACUGUAGCUCU,0,0
,,*  GGUGCAGUGCUGCAUCUCUGGU,0,0
hsa-let-7b,1,   UGAGGUAGUAGGUUGUGUGGUU,35,0
,,*  CUAUACAACCUACUGCCUUCCC,0,0
hsa-miR-27a,1,   UUCACAGUGGCUAAGUUCCGC,16.5,0
,,*  AGGGCUUAGCUGCUUGUGAGCA,0,0
hsa-let-7f,2,   UGAGGUAGUAGAUUGUAUAGUU,61,0
,,"*  CUAUACAGUCUACUGUCUUUCC, CUAUACAAUCUAUUGCCUUCCC",0,0
hsa-miR-9,3,   UCUUUGGUUAUCUAGCUGUAUGA,1,0
,,*  AUAAAGCUAGAUAACCGAAAGU,0,0
hsa-miR-26a,2,   UUCAAGUAAUCCAGGAUAGGCU,5,0
,,"*  CCUAUUCUUGAUUACUUGUUUC, CCUAUUCUUGGUUACUUGCACG",0,0
hsa-miR-24,2,   UGGCUCAGUUCAGCAGGAACAG,23,1
,,"*  UGCCUACUGAGCUGAUAUCAGU, UGCCUACUGAGCUGAAACACAG",0,0
hsa-miR-30e,1,   UGUAAACAUCCUUGACUGGAAG,4,1
,,*  CUUUCAGUCGGAUGUUUACAGC,0,0
hsa-miR-181a,2,   AACAUUCAACGCUGUCGGUGAGU,1,0
,,"*  ACCACUGACCGUUGACUGUACC, ACCAUCGACCGUUGAUUGUACC",0,0
hsa-miR-29a,1,   UAGCACCAUCUGAAAUCGGUUA,7,0
,,*  ACUGAUUUCUUUUGGUGUUCAG,0,0
hsa-miR-124,3,   UAAGGCACGCGGUGAAUGCC,0,0
,,*  CGUGUUCACAGCGGACCUUGAU,0,0
hsa-miR-144,1,   UACAGUAUAGAUGAUGUACU,0,0
,,*  GGAUAUCAUCAUAUACUGUAAG,0,0
hsa-miR-30d,1,   UGUAAACAUCCCCGACUGGAAG,3,2
,,*  CUUUCAGUCAGAUGUUUGCUGC,0,0
hsa-miR-19b,2,   UGUGCAAAUCCAUGCAAAACUGA,1,14
,,"*  AGUUUUGCAGGUUUGCAUUUCA, AGUUUUGCAGGUUUGCAUCCAGC",0,0
hsa-miR-22,1,   AAGCUGCCAGUUGAAGAACUGU,0,0
,,*  AGUUCUUCAGUGGCAAGCUUUA,0,0
hsa-miR-122,1,   UGGAGUGUGACAAUGGUGUUUG,0,0
,,*  AACGCCAUUAUCACACUAAAUA,0,0
hsa-miR-150,1,   UCUCCCAACCCUUGUACCAGUG,0,0
,,*  CUGGUACAGGCCUGGGGGACAG,0,0
hsa-miR-32,1,   UAUUGCACAUUACUAAGUUGCA,16,1
,,*  CAAUUUAGUGUGUGUGAUAUUU,0,0
hsa-miR-155,1,   UUAAUGCUAAUCGUGAUAGGGGU,0,0
,,*  CUCCUACAUAUUAGCAUUAACA,0,0
hsa-miR-140,1,5p CAGUGGUUUUACCCUAUGGUAG,8,1
,,3p UACCACAGGGUAGAACCACGG,0,0
hsa-miR-125b,2,   UCCCUGAGACCCUAACUUGUGA,2,0
,,"*  ACGGGUUAGGCUCUUGGGAGCU, UCACAAGUCAGGCUCUUGGGAC",0,0
hsa-miR-99b,1,   CACCCGUAGAACCGACCUUGCG,8,0
,,*  CAAGCUCGUGUCUGUGGGUCCG,0,0
hsa-miR-141,1,   UAACACUGUCUGGUAAAGAUGG,0,0
,,*  CAUCUUCCAGUACAGUGUUGGA,0,0
hsa-miR-92a,2,   UAUUGCACUUGUCCCGGCCUGU,5,2
,,"*  AGGUUGGGAUCGGUUGCAAUGCU, GGGUGGGGAUUUGUUGCAUUAC",0,0
hsa-miR-424/322,1,   CAGCAGCAAUUCAUGUUUUGAA,7,0
,,*  CAAAACGUGAGGCGCUGCUAU,0,0
hsa-miR-191,1,   CAACGGAAUCCCAAAAGCAGCUG,7,3
,,*  GCUGCGCUUGGAUUUCGUCCCC,0,0
hsa-miR-17,1,   CAAAGUGCUUACAGUGCAGGUAG,3,9
,,*  ACUGCAGUGAAGGCACUUGUAG,0,0
hsa-miR-130a,1,   CAGUGCAAUGUUAAAAGGGCAU,6,0
,,*  UUCACAUUGUGCUACUGUCUGC,0,0
hsa-miR-20a,1,   UAAAGUGCUUAUAGUGCAGGUAG,3,3
,,*  ACUGCAUUAUGAGCACUUAAAG,0,0
hsa-miR-27b,1,   UUCACAGUGGCUAAGUUCUGC,28.5,0
,,*  AGAGCUUAGCUGAUUGGUGAAC,0,0
hsa-miR-26b,1,   UUCAAGUAAUUCAGGAUAGGU,3,0
,,*  CCUGUUCUCCAUUACUUGGCUC,0,0
hsa-miR-146a,1,   UGAGAACUGAAUUCCAUGGGUU,0,0
,,*  CCUCUGAAAUUCAGUUCUUCAG,0,0
hsa-miR-200c,1,   UAAUACUGCCGGGUAAUGAUGGA,0,0
,,*  CGUCUUACCCAGCAGUGUUUGG,0,0
hsa-miR-99a,1,   AACCCGUAGAUCCGAUCUUGUG,1,2
,,*  CAAGCUCGCUUCUAUGGGUCUG,0,0
hsa-miR-19a,1,   UGUGCAAAUCUAUGCAAAACUGA,9,3
,,*  AGUUUUGCAUAGUUGCACUACA,0,0
hsa-miR-23a,1,   AUCACAUUGCCAGGGAUUUCC,8,0
,,*  GGGGUUCCUGGGGAUGGGAUUU,0,0
hsa-miR-30a,1,   UGUAAACAUCCUCGACUGGAAG,11,1
,,*  CUUUCAGUCGGAUGUUUGCAGC,1,0
hsa-let-7i,1,   UGAGGUAGUAGUUUGUGCUGUU,25,0
,,*  CUGCGCAAGCUACUGCCUUGCU,0,0
hsa-miR-93,1,   CAAAGUGCUGUUCGUGCAGGUAG,4,3
,,*  ACUGCUGAGCUAGCACUUCCCG,0,0
hsa-let-7c,1,   UGAGGUAGUAGGUUGUAUGGUU,3,0
,,*  UAGAGUUACACCCUGGGAGUUA,0,0
hsa-miR-106b,1,   UAAAGUGCUGACAGUGCAGAU,2,1
,,*  CCGCACUGUGGGUACUUGCUGC,0,0
hsa-miR-101,2,   UACAGUACUGUGAUAACUGAA,1,0
,,*  CAGUUAUCACAGUGCUGAUGCU,0,0
hsa-let-7g,1,   UGAGGUAGUAGUUUGUACAGUU,0,0
,,*  CUGUACAGGCCACUGCCUUGCU,0,0
hsa-miR-425,1,   AAUGACACGAUCACUCCCGUUGA,3,0
,,*  AUCGGGAAUGUCGUGUCCGCCC,0,0
hsa-miR-15b,1,   UAGCAGCACAUCAUGGUUUACA,6,1
,,*  CGAAUCAUUAUUUGCUGCUCUA,0,0
hsa-miR-28,1,5p AAGGAGCUCACAGUCUAUUGAG,2,0
,,3p CACUAGAUUGUGAGCUCCUGGA,1,0
hsa-miR-18a,1,   UAAGGUGCAUCUAGUGCAGAUAG,1,17
,,*  ACUGCCCUAAGUGCUCCUUCUGG,1,0
hsa-miR-451,1,   AAACCGUUACCAUUACUGAGUU,0,0
hsa-miR-25,1,   CAUUGCACUUGUCUCGGUCUGA,3,0
,,*  AGGCGGAGACUUGGGCAAUUG,0,0
hsa-miR-23b,1,   AUCACAUUGCCAGGGAUUACC,12,0
hsa-miR-302a,1,   UAAGUGCUUCCAUGUUUUGGUGA,0,0
,,*  ACUUAAACGUGGAUGUACUUGCU,0,0
hsa-miR-186,1,   CAAAGAAUUCUCCUUUUGGGCU,3,1
,,*  GCCCAAAGGUGAAUUUUUUGGG,0,0
hsa-miR-29c,1,   UAGCACCAUUUGAAAUCGGUUA,1,0
,,*  UGACCGAUUUCUCCUGGUGUUC,0,0
hsa-miR-7,3,   UGGAAGACUAGUGAUUUUGUUGU,2,0
,,"*  CAACAAAUCCCAGUCUACCUAA, CAACAAAUCACAGUCUGCCAUA",0,0
hsa-let-7d,1,   AGAGGUAGUAGGUUGCAUAGUU,5,0
,,*  CUAUACGACCUGCUGCCUUUCU,0,0
hsa-miR-30c,2,   UGUAAACAUCCUACACUCUCAGC,1,0
,,"*  CUGGGAGAAGGCUGUUUACUCU, CUGGGAGAGGGUUGUUUACUCC",0,0
hsa-miR-181b,2,   AACAUUCAUUGCUGUCGGUGGGU,2,0
hsa-miR-223,1,   UGUCAGUUUGUCAAAUACCCCA,0,0
,,*  CGUGUAUUUGACAAGCUGAGUU,0,0
hsa-miR-320,1,   AAAAGCUGGGUUGAGAGGGCGA,0,0
hsa-miR-374a,1,   UUAUAAUACAACCUGAUAAGUG,9,0
,,*  CUUAUCAGAUUGUAUUGUAAUU,0,0
hsa-let-7e,1,   UGAGGUAGGAGGUUGUAUAGUU,15,0
,,*  CUAUACGGCCUCCUAGCUUUCC,0,0
hsa-miR-151,1,5p UCGAGGAGCUCACAGUCUAGU,3,0
,,3p CUAGACUGAAGCUCCUUGAGG,1,0
hsa-miR-374b,1,   AUAUAAUACAACCUGCUAAGUG,4,0
,,*  CUUAGCAGGUUGUAUUAUCAUU,0,0
hsa-miR-367,1,   AAUUGCACUUUAGCAAUGGUGA,0,0
,,*  ACUGUUGCUAAUAUGCAACUCU,0,0
hsa-miR-196b,1,   UAGGUAGUUUCCUGUUGUUGGG,0,3
hsa-miR-100,1,   AACCCGUAGAUCCGAACUUGUG,2,0
,,*  CAAGCUUGUAUCUAUAGGUAUG,0,0
hsa-miR-103,2,   AGCAGCAUUGUACAGGGCUAUGA,1,0
hsa-miR-96,1,   UUUGGCACUAGCACAUUUUUGCU,1,0
,,*  AAUCAUGUGCAGUGCCAAUAUG,0,0
hsa-miR-302b,1,   UAAGUGCUUCCAUGUUUUAGUAG,0,0
,,*  ACUUUAACAUGGAAGUGCUUUC,0,0
hsa-miR-194,2,   UGUAACAGCAACUCCAUGUGGA,6,0
,,*  CCAGUGGGGCUGCUGUUAUCUG,0,0
hsa-miR-125a,1,5p UCCCUGAGACCCUUUAACCUGUGA,2,0
,,3p ACAGGUGAGGUUCUUGGGAGCC,0,0
hsa-miR-423,1,5p UGAGGGGCAGAGAGCGAGACUUU,2,0
,,3p AGCUCGGUCUGAGGCCCCUCAGU,0,0
hsa-miR-221,1,   AGCUACAUUGUCUGCUGGGUUUC,0,2
,,*  ACCUGGCAUACAAUGUAGAUUU,0,0
hsa-miR-145,1,   GUCCAGUUUUCCCAGGAAUCCCU,0,0
,,*  GGAUUCCUGGAAAUACUGUUCU,0,0
hsa-miR-368,1,   AACAUAGAGGAAAUUCCACGU,0,0
hsa-miR-195,1,   UAGCAGCACAGAAAUAUUGGC,0,0
,,*  CCAAUAUUGGCUGUGCUGCUCC,0,0
hsa-miR-222,1,   AGCUACAUCUGGCUACUGGGU,0,1
,,*  CUCAGUAGCCAGUGUAGAUCCU,0,0
hsa-miR-128a/128b,2,   UCACAGUGAACCGGUCUCUUU,0,0
hsa-miR-302c,1,   UAAGUGCUUCCAUGUUUCAGUGG,0,0
,,*  UUUAACAUGGGGGUACCUGCUG,0,0
hsa-miR-185,1,   UGGAGAGAAAGGCAGUUCCUGA,1,1
,,*  AGGGGCUGGCUUUCCUCUGGUC,0,0
,,,,
hsa-miR-30b,1,   UGUAAACAUCCUACACUCAGCU,0,0
,,*  CUGGGAGGUGGAUGUUUACUUC,0,0
hsa-miR-210,1,   CUGUGCGUGUGACAGCGGCUGA,0,0
hsa-miR-375,1,   UUUGUUCGUUCGGCUCGCGUGA,0,0
hsa-miR-182,1,   UUUGGCAAUGGUAGAACUCACACU,7,0
,,*  GUGAGGUAACAGGAUCCGGUGG,0,0
hsa-miR-196a,2,   UAGGUAGUUUCAUGUUGUUGGG,2,6
,,*  CGGCAACAAGAAACUGCCUGAG,0,0
hsa-miR-31,1,   AGGCAAGAUGCUGGCAUAGCU,10,0
,,*  UGCUAUGCCAACAUAUUGCCAU,0,0
hsa-miR-136,1,   ACUCCAUUUGUUUUGAUGAUGGA,0,0
,,*  CAUCAUCGUCUCAAAUGAGUCU,0,0
hsa-miR-10a,1,   UACCCUGUAGAUCCGAAUUUGUG,2,2
,,*  CAAAUUCGUAUCUAGGGGAAUA,0,0
hsa-miR-302d,1,   UAAGUGCUUCCAUGUUUGAGUGU,0,0
,,*  ACUUUAACAUGGAGGCACUUGC,0,0
hsa-miR-708,1,   AAGGAGCUUACAAUCUAGCUGGG,0,0
,,*  CAACUAGACUGUGAGCUUCUAG,0,0
hsa-miR-324,1,5p CGCAUCCCCUAGGGCAUUGGUGU,0,0
,,3p ACUGCCCCAGGUGCUGCUGGU,1,1
hsa-miR-193a,1,3p AACUGGCCUACAAAGUCCCAGU,0,0
,,5p UGGGUCUUUGCGGGCGAGAUGA,0,0
hsa-miR-137,1,   UUAUUGCUUAAGAAUACGCGUAG,1,0
hsa-miR-378,1,   ACUGGACUUGGAGUCAGAAGG,0,0
,,*  CUCCUGACUCCAGGUCCUGUGU,0,0
hsa-miR-135b,1,   UAUGGCUUUUCAUUCCUAUGUGA,0,0
,,*  AUGUAGGGCUAAAAGCCAUGGG,0,0
hsa-miR-342,1,3p UCUCACACAGAAAUCGCACCCGU,1,0
,,5p AGGGGUGCUAUCUGUGAUUGA,0,0
hsa-miR-205,1,   UCCUUCAUUCCACCGGAGUCUG,0,0
hsa-miR-192,1,   CUGACCUAUGAAUUGACAGCC,8,0
,,*  CUGCCAAUUCCAUAGGUCACAG,0,0
hsa-miR-10b,1,   UACCCUGUAGAACCGAAUUUGUG,1,0
,,*  ACAGAUUCGAUUCUAGGGGAAU,0,0
hsa-miR-744,1,   UGCGGGGCUAGGGCUAACAGCA,1,0
,,*  CUGUUGCCACUAACCUCAACCU,0,0
hsa-miR-363,1,   AAUUGCACGGUAUCCAUCUGUA,0,0
,,*  CGGGUGGAUCACGAUGCAAUUU,0,0
hsa-miR-503,1,   UAGCAGCGGGAACAGUUCUGCAG,0,0
hsa-miR-130b,1,   CAGUGCAAUGAUGAAAGGGCAU,0,0
,,*  ACUCUUUCCCUGUUGCACUAC,0,0
hsa-miR-214,1,   ACAGCAGGCACAGACAGGCAGU,0,0
,,*  UGCCUGUCUACACUUGCUGUGC,0,0
hsa-miR-454,1,   UAGUGCAAUAUUGCUUAUAGGGU,0,0
,,*  ACCCUAUCAAUAUUGUCUCUGC,0,0
hsa-miR-379,1,   UGGUAGACUAUGGAACGUAGG,0,0
,,*  UAUGUAACAUGGUCCACUAACU,0,0
hsa-miR-301a,1,   CAGUGCAAUAGUAUUGUCAAAGC,0,0
hsa-miR-98,1,   UGAGGUAGUAAGUUGUAUUGUU,4,0
hsa-miR-34a,1,   UGGCAGUGUCUUAGCUGGUUGU,0,0
,,*  CAAUCAGCAAGUAUACUGCCCU,0,0
hsa-miR-33a,1,   GUGCAUUGUAGUUGCAUUGCA,0,0
,,*  CAAUGUUUCCACAGUGCAUCAC,0,0
hsa-miR-339,1,3p UGAGCGCCUCGACGACAGAGCCG,0,0
,,5p UCCCUGUCCUCCAGGAGCUCACG,0,1
hsa-miR-301b,1,   CAGUGCAAUGAUAUUGUCAAAGC,1,0
hsa-miR-377,1,   AUCACACAAAGGCAACUUUUGU,0,0
,,*  AGAGGUUGCCCUUGGUGAAUUC,0,0
hsa-miR-193b,1,   AACUGGCCCUCAAAGUCCCGCU,1,0
,,*  CGGGGUUUUGAGGGCGAGAUGA,0,0
hsa-miR-200b,1,   UAAUACUGCCUGGUAAUGAUGA,0,0
,,*  CAUCUUACUGGGCAGCAUUGGA,0,0
hsa-miR-652,1,   AAUGGCGCCACUAGGGUUGUGU,0,0
hsa-miR-153,2,   UUGCAUAGUCACAAAAGUGAUC,0,0
hsa-miR-886,1,5p CGGGUCGGAGUUAGCUCAAGCGG,2,0
,,3p CGCGGGUGCUUACUGACCCUU,0,0
hsa-miR-20b,1,   CAAAGUGCUCAUAGUGCAGGUAG,0,0
,,*  ACUGUAGUAUGGGCACUUCCAG,0,0
hsa-miR-138,2,   AGCUGGUGUUGUGAAUCAGGCCG,0,0
,,"*  GCUACUUCACAACACCAGGGCC, GCUAUUUCACGACACCAGGGUU",1,0
hsa-miR-200a,1,   UAACACUGUCUGGUAACGAUGU,0,0
,,*  CAUCUUACCGGACAGUGCUGGA,0,0
hsa-miR-199a,2,5p CCCAGUGUUCAGACUACCUGUUC,0,0
hsa-miR-199b,1,5p CCCAGUGUUUAGACUAUCUGUUC,0,0
hsa-miR-199a/199b,3,3p ACAGUAGUCUGCACAUUGGUUA,0,0
hsa-miR-33b,1,   GUGCAUUGCUGUUGCAUUGC,1,1
,,*  CAGUGCCUCGGCAGUGCAGCCC,0,0
hsa-miR-106a,1,   AAAAGUGCUUACAGUGCAGGUAG,0,0
,,*  CUGCAAUGUAAGCACUUCUUAC,0,0
hsa-miR-183,1,   UAUGGCACUGGUAGAAUUCACU,2,0
,,*  GUGAAUUACCGAAGGGCCAUAA,0,0
hsa-miR-92b,1,   UAUUGCACUCGUCCCGGCCUCC,1,0
,,*  AGGGACGGGACGCGGUGCAGUG,0,0
hsa-miR-134,1,   UGUGACUGGUUGACCAGAGGGG,0,0
hsa-miR-132,1,   UAACAGUCUACAGCCAUGGUCG,0,0
,,*  ACCGUGGCUUUCGAUUGUUACU,0,0
hsa-miR-148a,1,   UCAGUGCACUACAGAACUUUGU,0,0
,,*  AAAGUUCUGAGACACUCCGACU,0,0
hsa-miR-218,2,   UUGUGCUUGAUCUAACCAUGU,0,0
,,"*  AUGGUUCCGUCAAGCACCAUGG, CAUGGUUCUGUCAAGCACCGCG",0,0
hsa-miR-365,2,   UAAUGCCCCUAAAAAUCCUUAU,0,0
hsa-miR-497,1,   CAGCAGCACACUGUGGUUUGU,0,0
,,*  CAAACCACACUGUGGUGUUAGA,0,0
hsa-miR-574,1,3p CACGCUCAUGCACACACCCACA,0,0
,,5p UGAGUGUGUGUGUGUGAGUGUGU,1,0
hsa-miR-625,1,   AGGGGGAAAGUUCUAUAGUCC,0,0
,,*  GACUAUAGAACUUUCCCCCUCA,0,0
hsa-miR-488,1,   UUGAAAGGCUAUUUCUUGGUCU,0,0
hsa-miR-129,2,5p CUUUUUGCGGUCUGGGCUUGC,0,0
,,"3p AAGCCCUUACCCCAAAAAGCAU, AAGCCCUUACCCCAAAAAGUAU",0,0
hsa-miR-345,1,   GCUGACUCCUAGUCCAGGGCUC,0,0
hsa-miR-518b,1,   CAAAGCGCUCCCCUUUAGAGGU,0,0
hsa-miR-517a,2,   AUCGUGCAUCCCUUUAGAGUGU,0,0
hsa-miR-421,1,   AUCAACAGACAUUAAUUGGGCGC,1,0
,,*  GGCCUCAUUAAAUGUUUGUUG,0,0
hsa-miR-197,1,   UUCACCACCUUCUCCACCCAGC,0,0
hsa-miR-18b,1,   UAAGGUGCAUCUAGUGCAGUUAG,0,0
,,*  UGCCCUAAAUGCCCCUUCUGGC,0,0
hsa-miR-335,1,   UCAAGAGCAAUAACGAAAAAUGU,1,0
,,*  UUUUUCAUUAUUGCUCCUGACC,0,0
hsa-miR-376a,2,   AUCAUAGAGGAAAAUCCACGU,0,0
,,*  GUAGAUUCUCCUUCUAUGAGUA,0,0
hsa-miR-361,1,5p UUAUCAGAAUCUCCAGGGGUAC,1,0
,,3p UCCCCCAGGUGUGAUUCUGAUUU,0,0
hsa-miR-483,1,5p AAGACGGGAGGAAAGAAGGGAG,0,0
,,3p UCACUCCUCUCCUCCCGUCUU,0,0
hsa-miR-505,1,   CGUCAACACUUGCUGGUUUCCU,0,0
,,*  GGGAGCCAGGAAGUAUUGAUGU,0,0
hsa-miR-381,1,   UAUACAAGGGCAAGCUCUCUGU,0,0
hsa-miR-877,1,   GUAGAGGAGAUGGCGCAGGG,0,0
,,*  UCCUCUUCUCCCUCCUCCCAGG,0,0
hsa-miR-203,1,   GUGAAAUGUUUAGGACCACUAG,0,0
hsa-miR-411,1,   UAGUAGACCGUAUAGCGUACG,0,0
,,*  UAUGUAACACGGUCCACUAACC,0,0
hsa-miR-152,1,   UCAGUGCAUGACAGAACUUGG,0,0
hsa-miR-532,1,5p CAUGCCUUGAGUGUAGGACCGU,0,0
,,3p CCUCCCACACCCAAGGCUUGCA,0,0
hsa-miR-224,1,   CAAGUCACUAGUGGUUCCGUU,1,0
hsa-miR-154,1,   UAGGUUAUCCGUGUUGCCUUCG,0,0
,,*  AAUCAUACACGGUUGACCUAUU,0,0
hsa-miR-326,1,   CCUCUGGGCCCUUCCUCCAGU,0,0
hsa-miR-373,1,   GAAGUGCUUCGAUUUUGGGGUGU,0,0
hsa-miR-135a,2,   UAUGGCUUUUUAUUCCUAUGUGA,0,0
,,*  UAUAGGGAUUGGAGCCGUGGCG,0,0
hsa-miR-202,1,   AGAGGUAUAGGGCAUGGGAA,0,0
,,*  UUCCUAUGCAUAUACUUCUUUG,0,0
hsa-miR-340,1,   UUAUAAAGCAAUGAGACUGAUU,0,0
,,*  UCCGUCUCAGUUACUUUAUAGC,0,0
hsa-miR-107,1,   AGCAGCAUUGUACAGGGCUAUCA,0,0
hsa-miR-139,1,5p UCUACAGUGCACGUGUCUCCAG,0,0
,,3p GGAGACGCGGCCCUGUUGGAGU,0,0
hsa-miR-545,1,   UCAGCAAACAUUUAUUGUGUGC,0,0
,,*  UCAGUAAAUGUUUAUUAGAUGA,0,0
hsa-miR-338,1,3p UCCAGCAUCAGUGAUUUUGUUG,0,0
,,5p AACAAUAUCCUGGUGCUGAGUG,0,0
hsa-miR-127,1,3p UCGGAUCCGUCUGAGCUUGGCU,0,0
,,5p CUGAAGCUCAGAGGGCUCUGAU,0,0
hsa-miR-516b,2,   AUCUGGAGGUAAGAAGCACUUU,0,0
hsa-miR-455,1,3p GCAGUCCAUGGGCAUAUACAC,0,0
,,5p UAUGUGCCUUUGGACUACAUCG,0,0
hsa-miR-500,1,   UAAUCCUUGCUACCUGGGUGAGA,0,0
,,*  AUGCACCUGGGCAAGGAUUCUG,0,0
hsa-miR-484,1,   UCAGGCUCAGUCCCCUCCCGAU,0,0
hsa-miR-216a,1,   UAAUCUCAGCUGGCAACUGUGA,0,0
hsa-miR-518c,1,   CAAAGCGCUUCUCUUUAGAGUGU,0,0
hsa-miR-1,2,   UGGAAUGUAAAGAAGUAUGUAU,0,0
hsa-miR-590,1,3p UAAUUUUAUGUAUAAGCUAGU,2,0
,,5p GAGCUUAUUCAUAAAAGUGCAG,0,0
hsa-miR-372,1,   AAAGUGCUGCGACAUUUGAGCGU,0,0
hsa-miR-148b,1,   UCAGUGCAUCACAGAACUUUGU,0,0
,,*  AAGUUCUGUUAUACACUCAGGC,0,0
hsa-miR-181c,1,   AACAUUCAACCUGUCGGUGAGU,0,0
,,*  AACCAUCGACCGUUGAGUGGAC,0,0
hsa-miR-891a,1,   UGCAACGAACCUGAGCCACUGA,0,0
hsa-miR-204,1,   UUCCCUUUGUCAUCCUAUGCCU,0,0
hsa-miR-570,1,   CGAAAACAGCAAUUACCUUUGC,0,0
hsa-miR-188,1,5p CAUCCCUUGCAUGGUGGAGGG,0,0
,,3p CUCCCACAUGCAGGGUUUGCA,0,0
hsa-miR-149,1,   UCUGGCUCCGUGUCUUCACUCCC,0,0
hsa-miR-410,1,   AAUAUAACACAGAUGGCCUGU,0,0
hsa-miR-431,1,   UGUCUUGCAGGCCGUCAUGCA,0,0
,,*  CAGGUCGUCUUGCAGGGCUUCU,0,0
hsa-miR-331,1,3p GCCCCUGGGCCUAUCCUAGAA,0,0
,,5p CUAGGUAUGGUCCCAGGGAUCC,0,0
hsa-miR-548c,1,   AAAAGUAAUUGCGGUUUUUGCC,0,0
hsa-miR-486,1,5p UCCUGUACUGAGCUGCCCCGAG,0,0
,,3p CGGGGCAGCUCAGUACAGGAU,0,0
hsa-miR-518e,1,   AAAGCGCUUCCCUUCAGAGUG,0,0
hsa-miR-519a,2,   AAAGUGCAUCCUUUUAGAGUGU,0,0
hsa-miR-523,1,   GAACGCGCUUCCCUAUAGAGGGU,0,0
hsa-miR-522,1,   AAAAUGGUUCCCUUUAGAGUGU,0,0
hsa-miR-519b,1,   AAAGUGCAUCCUUUUAGAGGUU,0,0
hsa-miR-519c,1,   CUCUAGAGGGAAGCGCUUUCUG,0,0
hsa-miR-518e/519a-1/ 519b/519c/522/523,7,*  CUCUAGAGGGAAGCGCUUUCUG,0,0
hsa-miR-34c,1,5p AGGCAGUGUAGUUAGCUGAUUGC,0,0
,,3p AAUCACUAACCACACGGCCAGG,0,0
hsa-miR-629,1,   UGGGUUUACGUUGGGAGAACU,0,0
,,*  GUUCUCCCAACGUAAGCCCAGC,0,0
hsa-miR-452,1,   AACUGUUUGCAGAGGAAACUGA,2,0
,,*  CUCAUCUGCAAAGAAGUAAGUG,0,0
hsa-miR-184,1,   UGGACGGAGAACUGAUAAGGGU,0,0
hsa-miR-660,1,   UACCCAUUGCAUAUCGGAGUUG,0,0
hsa-miR-874,1,   CUGCCCUGGCCCGAGGGACCGA,0,0
hsa-miR-337,1,5p GAACGGCUUCAUACAGGAGUU,0,0
,,3p CUCCUAUAUGAUGCCUUUCUUC,0,0
hsa-miR-146b,1,5p UGAGAACUGAAUUCCAUAGGCU,0,0
,,3p UGCCCUGUGGACUCAGUUCUGG,0,0
hsa-miR-432,1,   UCUUGGAGUAGGUCAUUGGGUGG,0,0
hsa-miR-888,1,   UACUCAAAAAGCUGUCAGUCA,0,0
,,*  GACUGACACCUCUUUGGGUGAA,0,0
hsa-miR-518f,1,   GAAAGCGCUUCUCUUUAGAGG,0,0
,,*  CUCUAGAGGGAAGCACUUUCUC,0,0
hsa-miR-370,1,   GCCUGCUGGGGUGGAACCUGGU,0,0
hsa-miR-95,1,   UUCAACGGGUAUUUAUUGAGCA,0,0
hsa-miR-206,1,   UGGAAUGUAAGGAAGUGUGUGG,0,0
hsa-miR-490,1,   CCAUGGAUCUCCAGGUGGGU,0,0
hsa-miR-873,1,   GCAGGAACUUGUGAGUCUCCU,0,0
hsa-miR-521,2,   AACGCACUUCCCUUUAGAGUGU,0,0
hsa-miR-524,1,   CUACAAAGGGAAGCACUUUCUC,0,0
hsa-miR-296,1,3p GAGGGUUGGGUGGAGGCUCUCC,0,0
,,5p AGGGCCCCCCCUCAAUCCUGU,0,0
hsa-miR-133a,2,   UUUGGUCCCCUUCAACCAGCUG,0,0
hsa-miR-892b,1,   CACUGGCUCCUUUCUGGGUAGA,0,0
hsa-miR-409,1,3p GAAUGUUGCUCGGUGAACCCCU,0,0
,,5p AGGUUACCCGAGCAACUUUGCAU,0,0
hsa-miR-429,1,   UAAUACUGUCUGGUAAAACCGU,0,0
hsa-miR-362,1,5p AAUCCUUGGAACCUAGGUGUGAGU,0,0
,,3p AACACACCUAUUCAAGGAUUCA,0,0
hsa-miR-525,1,3p GAAGGCGCUUCCCUUUAGAGCG,0,0
,,5p CUCCAGAGGGAUGCACUUUCU,0,0
hsa-miR-493,1,   UGAAGGUCUACUGUGUGCCAGG,0,0
,,*  UUGUACAUGGUAGGCUUUCAUU,0,0
hsa-miR-519d,1,   CAAAGUGCCUCCCUUUAGAGUG,0,0
hsa-miR-526b,1,   CUCUUGAGGGAAGCACUUUCUGU,0,0
,,*  GAAAGUGCUUCCUUUUAGAGGC,0,0
hsa-miR-190,1,   UGAUAUGUUUGAUAUAUUAGGU,1,0
hsa-miR-515,2,5p UUCUCCAAAAGAAAGCACUUUCUG,0,0
,,3p GAGUGCCUUCUUUUGGAGCGUU,0,0
hsa-miR-509,3,"5p UACUGCAGACGUGGCAAUCAUG, UACUGCAGACAGUGGCAAUCAA",0,0
,,3p UGAUUGGUACGUCUGUGGGUAG,0,0
hsa-miR-665,1,   ACCAGGAGGCUGAGGCCCCU,0,0
hsa-miR-217,1,   UACUGCAUCAGGAACUGAUUGGA,0,0
hsa-miR-582,1,3p UAACUGGUUGAACAACUGAACC,1,0
,,5p UUACAGUUGUUCAACCAGUUACU,1,0
hsa-miR-514,3,   AUUGACACUUCUGUGAGUAGA,0,0
hsa-miR-376b,1,   AUCAUAGAGGAAAAUCCAUGUU,0,0
hsa-miR-371,1,5p ACUCAAACUGUGGGGGCACU,0,0
,,3p AAGUGCCGCCAUCUUUUGAGUGU,0,0
hsa-miR-872,1,   AAGGUUACUUGUUAGUUCAGG,0,0
hsa-miR-517c,1,   AUCGUGCAUCCUUUUAGAGUGU,0,0
hsa-miR-328,1,   CUGGCCCUCUCUGCCCUUCCGU,0,0
hsa-miR-187,1,   UCGUGUCUUGUGUUGCAGCCGG,0,0
,,*  GGCUACAACACAGGACCCGGGC,0,0
hsa-miR-671,1,5p AGGAAGCCCUGGAGGGGCUGGAG,0,0
,,3p UCCGGUUCUCAGGGCUCCACC,0,0
hsa-miR-487b,1,   AAUCGUACAGGGUCAUCCACUU,0,0
hsa-miR-651,1,   UUUAGGAUAAGCUUGACUUUUG,0,0
hsa-miR-890,1,   UACUUGGAAAGGCAUCAGUUG,0,0
hsa-miR-516a,2,   UUCUCGAGGAAAGAAGCACUUUC,0,0
hsa-miR-219,2,5p UGAUUGUCCAAACGCAAUUCU,0,0
,,"3p AGAAUUGUGGCUGGACAUCUGU, AGAGUUGAGUCUGGACGUCCCG",0,0
hsa-miR-299,1,3p UAUGUGGGAUGGUAAACCGCUU,0,0
,,5p UGGUUUACCGUCCCACAUACAU,0,0
hsa-miR-330,1,5p UCUCUGGGCCUGUGUCUUAGGC,0,0
,,3p GCAAAGCACACGGCCUGCAGAGA,0,0
hsa-miR-449a,1,   UGGCAGUGUAUUGUUAGCUGGU,0,0
hsa-miR-369,1,3p AAUAAUACAUGGUUGAUCUUU,0,0
,,5p AGAUCGACCGUGUUAUAUUCGC,0,0
hsa-miR-485,1,5p AGAGGCUGGCCGUGAUGAAUUC,0,0
,,3p GUCAUACACGGCUCUCCUCUCU,0,0
hsa-miR-672,1,   UGAGGUUGGUGUACUGUGUGUGA,0,0
hsa-miR-216b,1,   AAAUCUCUGCAGGCAAAUGUGA,0,0
hsa-miR-105,2,   UCAAAUGCUCAGACUCCUGUGGU,0,0
,,*  ACGGAUGUUUGAGCAUGUGCUA,0,0
hsa-miR-551b,1,   GCGACCCAUACUUGGUUUCAG,0,0
,,*  GAAAUCAAGCGUGGGUGAGACC,1,0
hsa-miR-542,1,5p UCGGGGAUCAUCAUGUCACGAGA,0,0
,,3p UGUGACAGAUUGAUAACUGAAA,0,0
hsa-miR-618,1,   AAACUCUACUUGUCCUUCUGAGU,0,0
hsa-miR-502,1,   AAUGCACCUGGGCAAGGAUUCA,0,0
hsa-miR-181d,1,   AACAUUCAUUGUUGUCGGUGGGU,0,0
hsa-miR-382,1,   GAAGUUGUUCGUGGUGGAUUCG,0,0
hsa-miR-494,1,   UGAAACAUACACGGGAAACCUC,0,0
hsa-miR-508,1,3p UGAUUGUAGCCUUUUGGAGUAGA,0,0
,,5p UACUCCAGAGGGCGUCACUCAUG,0,0
hsa-miR-450a,2,   UUUUGCGAUGUGUUCCUAAUAU,1,0
hsa-miR-147b,1,   GUGUGCGGAAAUGCUUCUGCUA,0,0
hsa-miR-589,1,   UGAGAACCACGUCUGCUCUGAG,0,0
,,*  UCAGAACAAAUGCCGGUUCCCAGA,0,0
hsa-miR-615,1,3p UCCGAGCCUGGGUCUCCCUCUU,0,0
,,5p GGGGGUCCCCGGUGCUCGGAUC,0,1
hsa-miR-876,1,3p UGGUGGUUUACAAAGUAAUUCA,0,0
,,5p UGGAUUUCUUUGUGAAUCACCA,0,0
hsa-miR-624,1,   CACAAGGUAUUGGUAUUACCU,0,0
,,*  UAGUACCAGUACCUUGUGUUCA,0,0
hsa-miR-518a,2,3p GAAAGCGCUUCCCUUUGCUGGA,0,0
hsa-miR-518a/527,3,5p CUGCAAAGGGAAGCCCUUUCA,0,0
hsa-miR-576,1,3p AAGAUGUGGAAAAAUUGGAAUC,0,0
,,5p AUUCUAAUUUCUCCACGUCUUU,0,0
hsa-miR-499,1,5p UUAAGACUUGCAGUGAUGUUU,0,0
,,3p AACAUCACAGCAAGUCUGUGCU,0,0
hsa-miR-885,1,5p UCCAUUACACUACCCUGCCUCU,0,0
,,3p AGGCAGCGGGGUGUAGUGGAUA,0,0
hsa-miR-433,1,   AUCAUGAUGGGCUCCUCGGUGU,0,0
hsa-miR-760,1,   CGGCUCUGGGUCUGUGGGGA,0,0
hsa-miR-512,2,   AAGUGCUGUCAUAGCUGAGGUC,0,0
hsa-miR-548d,2,5p AAAAGUAAUUGUGGUUUUUGCC,0,0
,,3p CAAAAACCACAGUUUCUUUUGC,0,0
hsa-miR-133b,1,   UUUGGUCCCCUUCAACCAGCUA,0,0
hsa-miR-892a,1,   CACUGUGUCCUUUCUGCGUAG,0,0
hsa-miR-329,2,   AACACACCUGGUUAACCUCUUU,0,0
hsa-miR-674,1,5p GCACUGAGAUGGGAGUGGUGUA,0,0
,,3p CACAGCUCCCAUCUCAGAACAA,0,0
hsa-miR-495,1,   AAACAAACAUGGUGCACUUCUU,0,0
hsa-miR-654,1,3p UAUGUCUGCUGACCAUCACCUU,0,0
,,5p UGGUGGGCCGCAGAACAUGUGC,0,0
hsa-miR-655,1,   AUAAUACAUGGUUAACCUCUUU,0,0
hsa-miR-891b,1,   UGCAACUUACCUGAGUCAUUGA,0,0
hsa-miR-450b,1,5p UUUUGCAAUAUGUUCCUGAAUA,0,0
,,3p UUGGGAUCAUUUUGCAUCCAUA,0,0
hsa-miR-758,1,   UUUGUGACCUGGUCCACUAACC,0,0
hsa-miR-323,1,3p CACAUUACACGGUCGACCUCU,0,0
,,5p AGGUGGUCCGUGGCGCGUUCGC,0,0
hsa-miR-889,1,   UUAAUAUCGGACAACCAUUGU,0,0
hsa-miR-887,1,   GUGAACGGGCGCCAUCCCGAGG,0,0
hsa-miR-208b,1,   AUAAGACGAACAAAAGGUUUGU,0,0
hsa-miR-627,1,   GUGAGUCUCUAAGAAAAGAGGA,0,0
hsa-miR-487a,1,   AAUCAUACAGGGACAUCCAGUU,0,0
hsa-miR-628,1,3p UCUAGUAAGAGUGGCAGUCGA,0,0
,,5p AUGCUGACAUAUUUACUAGAGG,0,0
hsa-miR-383,1,   AGAUCAGAAGGUGAUUGUGGCU,0,0
hsa-miR-539,1,   GGAGAAAUUAUCCUUGGUGUGU,0,0
hsa-miR-520c/520f,3,3p AAAGUGCUUCCUUUUAGAGGGU,0,0
hsa-miR-518d/520c/526a,5,5p CUCUAGAGGGAAGCACUUUCUG,0,0
hsa-miR-518d,1,3p  CAAAGCGCUUCCCUUUGGAGCG,0,0
hsa-miR-548b,1,3p CAAGAACCUCAGUUGCUUUUGU,0,0
,,5p AAAAGUAAUUGUGGUUUUGGCC,0,0
hsa-miR-215,1,   AUGACCUAUGAAUUGACAGAC,0,0
hsa-miR-520a,1,   CUCCAGAGGGAAGUACUUUCU,0,0
,,*  AAAGUGCUUCCCUUUGGACUGU,0,0
hsa-miR-520d,1,5p CUACAAAGGGAAGCCCUUUC,0,0
,,3p AAAGUGCUUCUCUUUGGUGGGU,0,0
hsa-miR-584,1,   UUAUGGUUUGCCUGGGACUGAG,0,0
hsa-miR-513,2,5p UUCACAGGGAGGUGUCAU,0,0
,,3p UAAAUUUCACCUUUCUGAGAAGG,0,0
hsa-miR-579,1,   UUCAUUUGGUAUAAACCGCGAUU,0,0
hsa-miR-498,1,   UUUCAAGCCAGGGGGCGUUUUUC,0,0
hsa-miR-510,1,   UACUCAGGAGAGUGGCAAUCAC,0,0
hsa-miR-491,1,5p AGUGGGGAACCCUUCCAUGAGG,0,0
,,3p CUUAUGCAAGAUUCCCUUCUAC,0,0
hsa-miR-550,2,   AGUGCCUGAGGGAGUAAGAGCCC,0,0
hsa-miR-871,1,   UAUUCAGAUUAGUGCCAGUCAUG,0,0
hsa-miR-449b,1,   AGGCAGUGUAUUGUUAGCUGGC,0,0
hsa-miR-556,1,5p GAUGAGCUCAUUGUAAUAUGAG,0,0
,,3p AUAUUACCAUUAGCUCAUCUUU,0,0
hsa-miR-380,1,   UAUGUAAUAUGGUCCACAUCUU,0,0
,,*  AUGGUUGACCAUAGAACAUGCG,0,0
hsa-miR-519e,1,   AAGUGCCUCCUUUUAGAGUGUU,0,0
hsa-miR-34b,1,   CAAUCACUAACUCCACUGCCAU,0,0
,,*  AGGCAGUGUCAUUAGCUGAUUGU,0,0
hsa-miR-597,1,   UGUGUCACUCGAUGACCACUGU,0,0
hsa-miR-504,1,   AGACCCUGGUCUGCACUCUAUC,0,0
hsa-miR-653,1,   GUGUUGAAACAAUCUCUACUG,0,0
hsa-miR-593,1,   UGUCUCUGCUGGGGUUUCU,0,0
,,*  AGGCACCAGCCAGGCAUUGCUCAGC,0,0
hsa-miR-520g,1,   ACAAAGUGCUUCCCUUUAGAGUGU,0,0
hsa-miR-616,1,   AGUCAUUGGAGGGUUUGAGCAG,0,0
,,*  ACUCAAAACCCUUCAGUGACUU,0,0
hsa-miR-642,1,   GUCCCUCUCCAAAUGUGUCUUG,0,0
hsa-miR-875,1,5p UAUACCUCAGUUUUAUCAGGUG,0,0
,,3p CCUGGAAACACUGAGGUUGUG,0,0
hsa-miR-501,1,5p AAUCCUUUGUCCCUGGGUGAGA,0,0
,,3p AAUGCACCCGGGCAAGGAUUCU,0,0
hsa-miR-544,1,   AUUCUGCAUUUUUAGCAAGUUC,0,0
hsa-miR-507,1,   UUUUGCACCUUUUGGAGUGAA,0,0
hsa-miR-548a,3,5p AAAAGUAAUUGCGAGUUUUACC,0,0
,,3p CAAAACUGGCAAUUACUUUUGC,0,0
hsa-miR-422a,1,   ACUGGACUUAGGGUCAGAAGGC,0,0
hsa-miR-489,1,   GUGACAUCACAUAUACGGCAGC,0,0
hsa-miR-561,1,   CAAAGUUUAAGAUCCUUGAAGU,0,0
hsa-miR-598,1,   UACGUCAUCGUUGUCAUCGUCA,0,0
hsa-miR-453,1,   AGGUUGUCCGUGGUGAGUUCGCA,0,0
hsa-miR-636,1,   UGUGCUUGCUCGUCCCGCCCGCA,0,0
hsa-miR-541,1,   UGGUGGGCACAGAAUCUGGACU,0,0
,,*  AAAGGAUUCUGCUGUCGGUCCCACU,0,0
hsa-miR-198,1,   GGUCCAGAGGGGAGAUAGGUUC,0,0
hsa-miR-496,1,   UGAGUAUUACAUGGCCAAUCUCU,0,0
hsa-miR-552,1,*  AACAGGUGACUGGUUAGACAA,0,0
hsa-miR-566,1,   GGGCGCCUGUGAUCCCAAC,0,0
hsa-miR-649,1,*  AAACCUGUGUUGUUCAAGAGUC,0,0
hsa-miR-555,1,*  AGGGUAAGCUGAACCUCUGAU,0,0
hsa-miR-492,1,   AGGACCUGCGGGACAAGAUUCUU,0,0
hsa-miR-638,1,   AGGGAUCGCGGGCGGGUGGCGGCCU,0,0
hsa-miR-412,1,*  UUCACCUGGUCCACUAGCCG,0,0
hsa-miR-588,1,   UUGGCCACAAUGGGUUAGAAC,0,0
hsa-miR-650,1,   AGGAGGCAGCGCUCUCAGGAC,0,0
hsa-miR-640,1,*  AUGAUCCAGGAACCUGCCUCU,0,0
hsa-miR-596,1,   AAGCCUGCCCGGCUCCUCGGG,0,0
hsa-miR-619,1,*  GACCUGGACAUGUUUGUGCCCAGU,0,0
hsa-miR-543,1,*  AAACAUUCGCGGUGCACUUCUU,0,0
hsa-miR-643,1,*  ACUUGUAUGCUAGCUCAGGUAG,0,0
hsa-miR-603,1,*  CACACACUGCAAUUACUUUUGC,0,0
hsa-miR-602,1,   GACACGGGCGACAGCUGCGGCCC,0,0
hsa-miR-563,1,*  AGGUUGACAUACGUUUCCC,0,0
hsa-miR-558,1,*  UGAGCUGCUGUACCAAAAU,0,0
hsa-miR-661,1,*  UGCCUGGGUCUCUGGCCUGCGCGU,0,0
hsa-miR-770,1,   AGUACCACGUGUCAGGGCCACA,0,0
,,*  CGUGGGCCUGAUGUGGUGCUGG,0,0
hsa-miR-609,1,   AGGGUGUUUCUCUCAUCUCU,0,0
hsa-miR-657,1,*  GGCAGGUUCUCACCCUCUCUAGG,0,0
hsa-miR-520h,1,*  AAAGUGCUUCCCUUUAGAGUUA,0,0
hsa-miR-511,2,   GUGUCUUUUGCUCUGCAGUCA,0,0
hsa-miR-595,1,*  GAAGUGUGCCGUGGUGUGUCU,0,0
hsa-miR-569,1,*  AGUUAAUGAAUCCUGGAAAGU,0,0
hsa-miR-613,1,*  AGGAAUGUUCCUUCUUUGCC,0,0
hsa-miR-802,1,   UCAGUAACAAAGAUUCAUCCUU,0,0
hsa-miR-583,1,   CAAAGAGGAAGGUCCCAUUAC,0,0
hsa-miR-220,1,   CCACACCGUAUCUGACACUUU,0,0
hsa-miR-147a,1,*  GUGUGUGGAAAUGCUUCUGCUA,0,0
hsa-miR-384,1,   UUUAAACAAUUCCUAGACAAUAU,0,0
,,*  AUUCCUAGAAAUUGUUCAUAAU,0,0
hsa-miR-611,1,*  GCGAGGACCCCUCGGGGUCUGAC,0,0
hsa-miR-573,1,   CUGAAGUGAUGUGUAACUGAUCAG,0,0
hsa-miR-575,1,*  GAGCCAGUUGGACAGGAGC,0,0
hsa-miR-553,1,   AAAACGGUGAGAUUUUGUUUU,0,0
hsa-miR-658,1,*  GGCGGAGGGAAGUAGGUCCGUUGGU,0,0
hsa-miR-604,1,*  AGGCUGCGGAAUUCAGGAC,0,0
hsa-miR-637,1,*  ACUGGGGGCUUUCGGGCUCUGCGU,0,0
hsa-miR-580,1,*  UUGAGAAUGAUGAAUCAUUAGG,0,0
hsa-miR-564,1,   AGGCACGGUGUCAGCAGGC,0,0
hsa-miR-610,1,   UGAGCUAAAUGUGUGCUGGGA,0,0
hsa-miR-633,1,*  CUAAUAGUAUCUACCACAAUAAA,0,0
hsa-miR-562,1,*  AAAGUAGCUGUACCAUUUGC,0,0
hsa-miR-614,1,*  GAACGCCUGUUCUUGCCAGGUGG,0,0
hsa-miR-325,1,   CCUAGUAGGUGUCCAGUAAGUGU,0,0
,,*  UUUAUUGAGGACCUCCUAUCAA,0,0
hsa-miR-634,1,*  AACCAGCACCCCAACUUUGGAC,0,0
hsa-miR-644,1,*  AGUGUGGCUUUCUUAGAGC,0,0
hsa-miR-586,1,   UAUGCAUUGUAUUUUUAGGUCC,0,0
hsa-miR-600,1,*  ACUUACAGACAAGAGCCUUGCUC,0,0
hsa-miR-630,1,*  AGUAUUCUGUACCAGGGAAGGU,0,0
hsa-miR-298,1,   AGCAGAAGCAGGGAGGUUCUCCCA,0,0
hsa-miR-622,1,*  ACAGUCUGCUGAGGUUGGAGC,0,0
hsa-miR-220b,1,   CCACCACCGUGUCUGACACUU,0,0
hsa-miR-626,1,*  AGCUGUCUGAAAAUGUCUU,0,0
hsa-miR-659,1,*  CUUGGUUCAGGGAGGGUCCCCA,0,0
hsa-miR-585,1,*  UGGGCGUAUCUGUAUGCUA,0,0
hsa-miR-639,1,*  AUCGCUGCGGUUGCGAGCGCUGU,0,0
hsa-miR-568,1,   AUGUAUAAAUGUAUACACAC,0,0
hsa-miR-617,1,   AGACUUCCCAUUUGAAGGUGGC,0,0
hsa-miR-220c,1,   ACACAGGGCUGUUGUGAAGACU,0,0
hsa-miR-211,1,   UUCCCUUUGUCAUCCUUCGCCU,0,0
hsa-miR-623,1,   AUCCCUUGCAGGGGCUGUUGGGU,0,0
hsa-miR-641,1,   AAAGACAUAGGAUAGAGUCACCUC,0,0
hsa-miR-557,1,*  GUUUGCACGGGUGGGCCUUGUCU,0,0
hsa-miR-212,1,*  UAACAGUCUCCAGUCACGGCCA,0,0
hsa-miR-645,1,*  UCUAGGCUGGUACUGCUGA,0,0
hsa-miR-632,1,*  GUGUCUGCUUCCUGUGGGA,0,0
hsa-miR-567,1,   AGUAUGUUCUUCCAGGACAGAAC,0,0
hsa-miR-605,1,   UAAAUCCCAUGGUGCCUUCUCCU,0,0
hsa-miR-208,1,*  AUAAGACGAGCAAAAAGCUUGU,0,0
hsa-miR-448,1,*  UUGCAUAUGUAGGAUGUCCCAU,0,0
hsa-miR-621,1,*  GGCUAGCAACAGCGCUUACCU,0,0
hsa-miR-648,1,   AAGUGUGCAGGGCACUGGU,0,0
hsa-miR-592,1,   UUGUGUCAAUAUGCGAUGAUGU,0,0
hsa-miR-190b,1,   UGAUAUGUUUGAUAUUGGGUU,0,0
hsa-miR-520e,1,*  AAAGUGCUUCCUUUUUGAGGGU,0,0
hsa-miR-607,1,*  GUUCAAAUCCAGAUCUAUAAC,0,0
hsa-miR-577,1,   UAGAUAAAAUAUUGGUACCUG,0,0
hsa-miR-587,1,   UUUCCAUAGGUGAUGAGUCAC,0,0
hsa-miR-506,1,*  UAAGGCACCCUUCUGAGUAGA,0,0
hsa-miR-631,1,   AGACCUGGCCCAGACCUCAGC,0,0
hsa-miR-572,1,*  GUCCGCUCGGCGGUGGCCCA,0,0
hsa-miR-578,1,*  CUUCUUGUGCUCUAGGAUUGU,0,0
hsa-miR-300,1,*  UAUACAAGGGCAGACUCUCUCU,0,0
hsa-miR-591,1,   AGACCAUGGGUUCUCAUUGU,0,0
hsa-miR-549,1,*  UGACAACUAUGGAUGAGCUCU,0,0
hsa-miR-601,1,   UGGUCUAGGAUUGUUGGAGGAG,0,0
hsa-miR-581,1,   UCUUGUGUUCUCUAGAUCAGU,0,0
hsa-miR-647,1,   GUGGCUGCACUCACUUCCUUC,0,0
hsa-miR-559,1,   UAAAGUAAAUAUGCACCAAAA,0,0
hsa-miR-551a,1,*  GCGACCCACUCUUGGUUUCCA,0,0
hsa-miR-662,1,*  UCCCACGUUGUGGCCCAGCAG,0,0
hsa-miR-635,1,   ACUUGGGCACUGAAACAAUGUCC,0,0
hsa-miR-571,1,*  UGAGUUGGCCAUCUGAGUGAG,0,0
hsa-miR-606,1,*  AAACUACUGAAAAUCAAAGAU,0,0
hsa-miR-346,1,   UGUCUGCCCGCAUGCCUGCCUCU,0,0
hsa-miR-554,1,   GCUAGUCCUGACUCAGCCAGU,0,0
hsa-miR-646,1,*  AAGCAGCUGCCUCUGAGGC,0,0
hsa-miR-656,1,*  AAUAUUAUACAGUCAACCUCU,0,0
hsa-miR-612,1,   GCUGGGCAGGGCUUCUGAGCUCCUU,0,0
hsa-miR-608,1,   AGGGGUGGUGUUGGGACAGCUCCGU,0,0
hsa-miR-620,1,*  AUGGAGAUAGAUAUAGAAAU,0,0
ebv-miR-BHRF1,3,"5p UAACGGGAAGUGUGUAAGCACA, AAAUUCUGUUGCAGCAGAUAGC, UAACCUGAUCAGCCCCGGAGUU",0,0
,,3p UAUCUUUUGCGGCAGAAAUUGA,0,0
ebv-miR-BART8,1,   UACGGUUUCCUAGAUUGUACAG,0,0
,,*  GUCACAAUCUAUGGGGUCGUAGA,0,0
ebv-miR-BART6,1,5p UAAGGUUGGUCCAAUCCAUAGG,0,0
,,3p CGGGGAUCGGACUAGCCUUAGA,0,0
ebv-miR-BART3,1,   CGCACCACUAGUCACCAGGUGU,0,0
,,*  ACCUAGUGUUAGUGUUGUGCU,0,0
hcmv-miR-UL22A,1,   UAACUAGCCUUCCCGUGAGA,0,0
,,*  UCACCAGAAUGCUAGUUUGUAG,0,0
ebv-miR-BART7,1,   CAUCAUAGUCCAGUGUCCAGGG,0,0
,,*  CCUGGACCUUGACUAUGAAACA,0,0
kshv-miR-K12,11,"3p UAGAAUACUGAGGCCUAGCUGA, CUGGGUAUACGCAGCUGCGUAA, UGAUGGUUUUCGGGCUGUUGAG, UGAUCCCAUGUUGCUGGCGCU, UCGCGGUCACAGAAUGUGACA, UAGGAUGCCUGGAACUUGCCGG, UUAAUGCUUAGCCUGUGUCCGA, UAGGCGCGACUGAGAGAGCACG",0,0
,,"5p AGCUAAACCGCAGUACUCUAGG, ACCCAGCUGCGUAAACCCCGCU, CCAGCAGCACCUAAUCCAUCGG, AUUACAGGAAACUGGGUGUAAGC, UCACAUUCUGAGGACGGCAGCGA, ACCAGGCCACCAUUCCUCUCCG, AACUGUAGUCCGGGUCGAUCUG",0,0
ebv-miR-BART16,1,   UUAGAUAGAGUGGGUGUGUGCUCU,0,0
ebv-miR-BART11,1,3p ACGCACACCAGGCUGACUGCC,0,0
,,5p UCAGACAGUUUGGUGCGCUAGUUG,0,0
ebv-miR-BART9,1,   UAACACUUCAUGGGUCCCGUAGU,0,0
,,*  UACUGGACCCUGAAUUGGAAAC,0,0
ebv-miR-BART17,1,5p UAAGAGGACGCAGGCAUACAAG,0,0
,,3p UGUAUGCCUGGUGUCCCCUUAGU,0,0
hcmv-miR-US5,2,"   UUAUGAUAGGUGUGACGAUGUC, UGACAAGCCUGACGAGAGCGU",0,0
hcmv-miR-US25,2,"   AACCGCUCAGUGGCUCGGACC, AGCGGUCUGUUCAGGUGGAUGA",0,0
,,"*  UCCGAACGCUAGGUCGGUUCUC, AUCCACUUGGAGAGCUCCCGCGG",0,0
ebv-miR-BART1,1,5p UCUUAGUGGAAGUGACGUGCUGUG,0,0
,,3p UAGCACCGCUAUCCACUAUGUC,0,0
ebv-miR-BART10,1,   UACAUAACCAUGGAGUUGGCUGU,0,0
,,*  GCCACCUCUUUGGUUCUGUACA,0,0
ebv-miR-BART19,1,3p UUUUGUUUGCUUGGGAAUGCU,0,0
,,5p ACAUUCCCCGCAAACAUGACAUG,0,0
ebv-miR-BART5,1,   CAAGGUGAAUAUAGCUGCCCAUCG,0,0
ebv-miR-BART13,1,   UGUAACUUGCCAGGGACGGCUGA,0,0
,,*  AACCGGCUCGUGGCUCGUACAG,0,0
kshv-miR-K12-10b,1,   UGGUGUUGUCCCCCCGAGUGGC,0,0
ebv-miR-BART15,1,   GUCAGUGGUUUUGUUUCCUUGA,0,0
kshv-miR-K12-10a,1,   UAGUGUUGUCCCCCCGAGUGGC,0,0
ebv-miR-BART2,1,5p UAUUUUCUGCAUUCGCCCUUGC,0,0
,,3p AAGGAGCGAUUUGGAGAAAAUAAA,0,0
ebv-miR-BART4,1,   GACCUGAUGCUGCUGGUGUGCU,0,0
hcmv-miR-UL112,1,   AAGUGACGGUGAGAUCCAGGCU,0,0
ebv-miR-BART14,1,   UAAAUGCUGCAGUAGUAGGGAU,0,0
,,*  UACCCUACGCUGCCGAUUUACA,0,0
rlcv-miR-rL1,16,"   UAGCACCGCUAUCCACUAUGUC, CGCACCUCGCCGUCUCUACUGCU, UAGUGCGCCGGUGACCUGAUAG, CAUGAAACACAUGGCCUGUUCC, AACGGUGCAUGGACUGGCUAGA, GAUCAUAGCCAGUGUCCAGGGA, CGCACCACUUUUCACUAGGUGU, UCCUGUAGAGUAUGGGUGUGGUUU, UAUCUUUUGCGGGGGAAUUUCCA, UCGAUGCAUGGUCCCCCCUUAGU, CACCACACGAUCCACUAGGUCU, UGACACUCGAUAGGAUACGGGG, UCGCACAUCAGGCUGAACGAC",0,0
,,"*  UUUAGUGGAAGUGACGUGCUGUG, AAGGUGAAUAUAGCUGCCCAUA, UAACCUGAUCAGCCCCGGGGUU, AGCAGGCAUGUCUUCAUUCC, AGACCAGACCAUGCACAGUGGG, AACCUAGUGCCGGUGAUGUGCU, CGAGGUAAACAUCGGCUUACUG, ACCUAGUAAUUGUGCGGUGUU, UCGGACGGUCUGGUGCGCUUGAU",0,0
ebv-miR-BART12,1,   UCCUGUGGUGUUUGGUGUGGUU,0,0
hcmv-miR-UL36,1,   UCGUUGAAGACACCUGGAAAGA,0,0
,,*  UUUCCAGGUGUUUUCAACGUGC,0,0
ebv-miR-BART18,1,5p UCAAGUUCGCACUUCCUAUACA,0,0
,,3p UAUCGGAAGUUUGGGCUUCGUC,0,0
ebv-miR-BART20,1,5p UAGCAGGCAUGUCUUCAUUCC,0,0
,,3p CAUGAAGGCACAGCCUGUUACC,0,0
hcmv-miR-UL148D,1,   UCGUCCUCCCCUUCUUCACCG,0,0
hcmv-miR-US33,1,5p GAUUGUGCCCGGACCGUGGGCG,0,0
,,3p UCACGGUCCGAGCACAUCCA,0,0
mghv-miR-M1,9,"3p UAGAAAUGGCCGUACUUCCUUU, GAUAUCGCGCCCACCUUUAUU, UCACAUUUGCCUGGACCUUUUU, CAGACCCCCUCUCCCCCUCUUU, GAGGUGAGCAGGAGUUGCGCUU, UGAAACUGUGUGAGGUGGUUUU",0,0
,,"5p AAAGGUGGAGGUGCGGUAACCU, AGAGUUGAGAUCGGGUCGUCUC, UCGAGGAGCACGUGUUAUUCUA, AGCACUCACUGGGGGUUUGGUC",0,0
hcmv-miR-US4,1,   CGACAUGGACGUGCAGGGGGAU,0,0
hcmv-miR-UL70,1,   UGCGUCUCGGCCUCGUCCAGA,0,0
,,*  GGGGAUGGGCUGGCGCGCGG,0,0
  TOTAL,,,768,122
