sequence	mirna name	evidence	308n	309n
aaagugcugcgacauuugagcgu	 hsa-mir-372  	c	0	0
gaagugcuucgauuuuggggugu	 hsa-mir-373  	c	0	0
gugccgccaucuuuugagugu	 hsa-mir-371  	c	0	0
uaagugcuuccauguuuuaguag	 hsa-mir-302b  	c	0	0
caucccuugcaugguggagggu	 hsa-mir-188  	h	0	0
ggcaagaugcuggcauagcug	 hsa-mir-31  	c	0	0
uuuggcacuagcacauuuuugc	 hsa-mir-96  	c	0	0
aucgggaaugucguguccgcc	 hsa-mir-425  	c	0	0
uccuucauuccaccggagucug	 hsa-mir-205  	h	0	0
agcucggucugaggccccucag	 hsa-mir-423  	c	0	0
aauugcacuuuagcaaugguga	 hsa-mir-367  	c	0	0
uauggcuuuucauuccuaugug	 hsa-mir-135b  	h	0	0
ucuggcuccgugucuucacucc	 hsa-mir-149  	h	0	0
uauggcacugguagaauucacug	 hsa-mir-183  	c	0	0
gucaacacuugcugguuuccuc	 hsa-mir-505  	ac	0	0
aauccuuggaaccuaggugugag	 hsa-mir-362  	ac	0	0
uguuugcagaggaaacugagac	 hsa-mir-452  	c	0	0
aauccuuugucccugggugaga	 hsa-mir-501  	ac	0	0
agggcccccccucaauccugu	 hsa-mir-296  	c	0	0
uaagugcuuccauguuuugguga	 hsa-mir-302a  	c	0	0
uaagugcuuccauguuucagugg	 hsa-mir-302c  	c	0	0
uaagugcuuccauguuugagugu	 hsa-mir-302d  	c	0	0
ucccuguccuccaggagcuca	 hsa-mir-339  	c	0	0
ugcugacuccuaguccagggc	 hsa-mir-345  	h	0	0
caagucacuagugguuccguuua	 hsa-mir-224  	c	0	0
ucagugcaucacagaacuuugu	 hsa-mir-148b  	h	0	0
uggacggagaacugauaagggu	 hsa-mir-184  	h	0	0
cacucagccuugagggcacuuuc	 hsa-mir-512-1 5p  	ac	0	0
cacucagccuugagggcacuuuc	 hsa-mir-512-2 5p  	ac	0	0
uuucaagccagggggcguuuuuc	 hsa-mir-498  	ac	0	0
auccuugcuaucugggugcua	 hsa-mir-502  	ac	0	0
aucgugcaucccuuuagaguguu	 hsa-mir-517a  	ac	0	0
aucgugcauccuuuuagagugu	 hsa-mir-517c  	ac	0	0
cuccagagggaugcacuuucu	 hsa-mir-525  	ac	0	0
uuuggcaaugguagaacucaca	 hsa-mir-182  	h	1	0
ucuuugguuaucuagcuguauga	 hsa-mir-9  	h	1	0
cauugcacuugucucggucuga	 hsa-mir-25  	c	9	13
uaaggugcaucuagugcagaua	 hsa-mir-18a  	c	13	9
acuagacugaagcuccuugagg	 hsa-mir-151  	h	0	2
uauugcacuugucccggccug	 hsa-mir-92  	ac	8	14
caaagaauucuccuuuugggcuu	 hsa-mir-186  	c	1	1
ucacagugaaccggucucuuuc	 hsa-mir-128b  	h	0	2
ucacagugaaccggucucuuuu	 hsa-mir-128a  	c	0	2
gugcauuguaguugcauug	 hsa-mir-33  	c	5	10
uaaagugcugacagugcagau	 hsa-mir-106b  	c	9	7
uggagagaaaggcaguuc	 hsa-mir-185  	c	1	0
agcagcauuguacagggcuauga	 hsa-mir-103  	c	44	58
aaagugcuguucgugcagguag	 hsa-mir-93  	c	9	3
cagugcaauaguauugucaaagc	 hsa-mir-301  	c	5	3
cagugcaaugaugaaagggcau	 hsa-mir-130b  	c	3	1
cuggacuuggagucagaaggcc	 hsa-mir-422b  	c	0	1
acugcagugaaggcacuugu	 hsa-mir-17-3p  	c	7	11
aacauucauugcugucgguggg	 hsa-mir-181b  	c	3	3
uccagcaucagugauuuuguuga	 hsa-mir-338  	h	3	8
caaagugcuuacagugcagguagu	 hsa-mir-17-5p  	c	9	11
aucacauugccagggauuucc	 hsa-mir-23a  	c	9	15
uauugcacauuacuaaguugc	 hsa-mir-32  	c	14	9
uaaagugcuuauagugcagguag	 hsa-mir-20a  	c	12	13
uguaaacauccuacacucagcu	 hsa-mir-30b  	h	22	43
uguaaacauccccgacuggaag	 hsa-mir-30d  	h	38	85
agcagcauuguacagggcuauca	 hsa-mir-107  	c	17	22
uggaagacuagugauuuuguug	 hsa-mir-7  	h	0	1
ugauuguccaaacgcaauucu	 hsa-mir-219  	h	0	1
agcugguguugugaauc	 hsa-mir-138  	h	2	0
uagcuuaucagacugauguuga	 hsa-mir-21  	c	1177	1306
uaacacugucugguaaagaugg	 hsa-mir-141  	c	69	59
uagcagcacaucaugguuuaca	 hsa-mir-15b  	c	9	11
aaaagcuggguugagagggcgaa	 hsa-mir-320  	c	7	3
uagcagcacauaaugguuugug	 hsa-mir-15a  	c	42	51
augaccuaugaauugacagac	 hsa-mir-215  	h	16	13
cagcagcaauucauguuuugaa	 hsa-mir-424  	c	3	5
agcuacaucuggcuacugggucuc	 hsa-mir-222  	c	21	17
aaggagcucacagucuauugag	 hsa-mir-28  	c	9	12
aacuggccuacaaagucccag	 hsa-mir-193a  	h	77	225
aagcugccaguugaagaacugu	 hsa-mir-22  	c	128	178
ugugcaaaucuaugcaaaacuga	 hsa-mir-19a  	c	11	25
agcuacauugucugcuggguuuc	 hsa-mir-221  	c	10	9
aacuggcccucaaagucccgcuuu	 hsa-mir-193b  	ac	1	3
uuaucagaaucuccagggguac	 hsa-mir-361  	h	0	2
uagguaguuucauguuguugg	 hsa-mir-196a  	c	1	1
ucagugcacuacagaacuuugu	 hsa-mir-148a  	c	2	8
aucacauugccagggauuacc	 hsa-mir-23b  	h	29	74
uguaacagcaacuccaugugga	 hsa-mir-194  	c	320	253
cuuucagucggauguuuacagc	 hsa-mir-30e-3p  	c	3	3
aaaagugcuuacagugcagguagc	 hsa-mir-106a  	c	2	4
ugagaacugaauuccauaggcu	 hsa-mir-146b  	ac	1	2
ucaagagcaauaacgaaaaaugu	 hsa-mir-335  	h	80	43
caacggaaucccaaaagcagcu	 hsa-mir-191  	c	47	73
cugaccuaugaauugacagcc	 hsa-mir-192  	c	296	205
uagcagcacguaaauauuggcg	 hsa-mir-16  	c	81	114
gugaaauguuuaggaccacuag	 hsa-mir-203  	h	8	10
uaauacugucugguaaaaccgu	 hsa-mir-429  	c	9	6
aacauucaacgcugucggugagu	 hsa-mir-181a  	c	26	36
gccccugggccuauccuagaa	 hsa-mir-331  	h	3	5
cacccguagaaccgaccuugcg	 hsa-mir-99b  	h	4	8
uaauacugccggguaaugaugg	 hsa-mir-200c  	c	612	470
ugugcaaauccaugcaaaacuga	 hsa-mir-19b  	c	42	80
uuaaugcuaaucgugauagggg	 hsa-mir-155  	c	9	9
uucaccaccuucuccacccagc	 hsa-mir-197  	c	1	4
uacccuguagauccgaauuugug	 hsa-mir-10a  	h	10	14
uggcagugucuuagcugguuguu	 hsa-mir-34a  	c	5	7
ugagguaggagguuguauagu	 hsa-let-7e  	c	4	2
ucuacagugcacgugucu	 hsa-mir-139  	h	4	2
aacccguagauccgaucuugug	 hsa-mir-99a  	c	2	4
uuauaauacaaccugauaagug	 hsa-mir-374  	c	53	108
uaauacugccugguaaugaugac	 hsa-mir-200b  	c	582	329
uucaaguaauucaggauagguu	 hsa-mir-26b  	c	37	82
uguaaacauccuacacucucagc	 hsa-mir-30c  	c	43	64
uggcucaguucagcaggaacag	 hsa-mir-24  	c	202	445
uagcaccauuugaaaucaguguu	 hsa-mir-29b  	c	66	101
ucccugagacccuuuaaccugug	 hsa-mir-125a  	h	3	7
uguaaacauccuugacugga	 hsa-mir-30e-5p  	c	125	180
uaacacugucugguaacgaugu	 hsa-mir-200a  	c	1050	719
uucacaguggcuaaguucugc	 hsa-mir-27b  	c	66	153
uucacaguggcuaaguuccgc	 hsa-mir-27a  	c	138	426
uucaaguaauccaggauaggc	 hsa-mir-26a  	c	304	564
ucucacacagaaaucgcacccguc	 hsa-mir-342  	h	11	14
agagguaguagguugcauagu	 hsa-let-7d  	c	8	5
cugugcgugugacagcggcuga	 hsa-mir-210  	c	9	5
uagguaguuuccuguuguugg	 hsa-mir-196b  	h	7	7
uacaguacugugauaacugaag	 hsa-mir-101  	c	179	289
ugagguaguaguuuguacagu	 hsa-let-7g  	h	82	102
uagcaccauuugaaaucggu	 hsa-mir-29c  	c	60	84
ugagguaguaguuugugcugu	 hsa-let-7i  	h	10	12
uaaugccccuaaaaauccuuau	 hsa-mir-365  	c	6	16
uuuguucguucggcucgcguga	 hsa-mir-375  	h	16	29
uugugcuugaucuaaccaugu	 hsa-mir-218  	h	43	53
uagcaccaucugaaaucgguu	 hsa-mir-29a  	c	44	64
cagugcaauguuaaaagggcau	 hsa-mir-130a  	c	11	30
ugagguaguagguuguauaguu	 hsa-let-7a  	c	43	95
ucguaccgugaguaauaaugc	 hsa-mir-126  	h	61	82
ugagguaguagauuguauaguu	 hsa-let-7f  	c	67	106
uguaaacauccucgacuggaag	 hsa-mir-30a-5p  	c	152	227
uguaguguuuccuacuuuaugga	 hsa-mir-142-3p  	c	170	201
ugagaugaagcacuguagcuca	 hsa-mir-143  	c	724	1823
guccaguuuucccaggaaucccuu	 hsa-mir-145  	c	367	878
aaaccguuaccauuacugaguuu	 hsa-mir-451  	c	311	393
uacaguauagaugauguacuag	 hsa-mir-144  	h	173	219
ucccugagacccuaacuuguga	 hsa-mir-125b  	c	33	65
ugagguaguagguugugugguu	 hsa-let-7b  	c	32	59
uagcagcacagaaauauuggc	 hsa-mir-195  	h	31	87
uggaauguaaagaaguaugua	 hsa-mir-1  	h	27	95
ucucccaacccuuguaccagug	 hsa-mir-150  	h	41	26
cauaaaguagaaagcacuac	 hsa-mir-142-5p  	c	10	27
aacccguagauccgaacuugug	 hsa-mir-100  	c	2	6
uugguccccuucaaccagcugu	 hsa-mir-133a  	h	14	34
uucaacggguauuuauugagca	 hsa-mir-95  	c	2	5
agugguuuuacccuaugguag	 hsa-mir-140  	c	12	8
cccaguguucagacuaccuguuc	 hsa-mir-199a  	c	12	12
acagcaggcacagacaggcag	 hsa-mir-214  	h	9	11
cagcagcacacugugguuugu	 hsa-mir-497  	ac	10	15
ucagugcaugacagaacuuggg	 hsa-mir-152  	h	7	3
ugagguaguaaguuguauuguu	 hsa-mir-98  	c	2	1
uuuuugcgauguguuccuaaua	 hsa-mir-450  	c	1	0
gcaaagcacacggccugcagaga	 hsa-mir-330  	h	0	2
ugagguaguagguuguaugguu	 hsa-let-7c  	c	5	10
ugucaguuugucaaauacccc	 hsa-mir-223  	h	2	6
acuccauuuguuuugaugaugga	 hsa-mir-136  	c	4	9
auugcacgguauccaucuguaa	 hsa-mir-363  	ac	5	9
aacauucaaccugucggugagu	 hsa-mir-181c  	h	1	4
uaaggugcaucuagugcaguua	 hsa-mir-18b  	h	0	1
cccaguguuuagacuaucuguuc	 hsa-mir-199b  	c	3	5
uuaagacuugcagugauguuuaa	 hsa-mir-499  	ac	0	0
cgaauguugcucggugaaccccu	 hsa-mir-409-3p  	c	3	3
uugcauagucacaaaaguga	 hsa-mir-153  	h	1	1
cgcauccccuagggcauuggugu	 hsa-mir-324-5p  	h	0	6
ugagaacugaauuccauggguu	 hsa-mir-146a  	c	1	5
gcacauuacacggucgaccucu	 hsa-mir-323  	h	1	4
uacccuguagaaccgaauuugu	 hsa-mir-10b  	c	4	0
uagguuauccguguugccuucg	 hsa-mir-154  	c	1	3
ccacugccccaggugcugcugg	 hsa-mir-324-3p  	c	1	0
aacauucauuguugucgguggguu	 hsa-mir-181d  	ac	0	1
aauauaacacagauggccuguu	 hsa-mir-410  	ac	2	3
ugauauguuugauauauuaggu	 hsa-mir-190  	h	4	0
cuccugacuccagguccugugu	 hsa-mir-378  	h	0	4
uaacagucuacagccauggucg	 hsa-mir-132  	h	2	0
aucacacaaaggcaacuuuugu	 hsa-mir-377  	c	1	1
uuaaggcacgcggugaaugcca	 hsa-mir-124a  	c	1	2
uaugugggaugguaaaccgcuu	 hsa-mir-299-3p  	c	0	2
auugacacuucugugaguag	 hsa-mir-514  	ac	0	0
accaucgaccguugauuguacc	 hsa-mir-213  	h	0	0
uauacaagggcaagcucucugu	 hsa-mir-381  	h	2	0
uauggcuuuuuauuccuauguga	 hsa-mir-135a  	c	1	0
cuuucagucggauguuugcagc	 hsa-mir-30a-3p  	c	0	1
caaagugcucauagugcagguag	 hsa-mir-20b  	ac	0	2
aaacaaacauggugcacuucuuu	 hsa-mir-495  	ac	0	1
uucccuuugucauccuaugccu	 hsa-mir-204  	h	0	1
ugguuuaccgucccacauacau	 hsa-mir-299-5p  	h	0	1
ccucugggcccuuccuccag	 hsa-mir-326  	h	0	0
aggcaguguaguuagcugauugc	 hsa-mir-34c  	h	0	1
ugguagacuauggaacgua	 hsa-mir-379  	c	0	0
gaaguuguucgugguggauucg	 hsa-mir-382  	c	0	0
uggcaguguauuguuagcuggu	 hsa-mir-449  	c	0	0
ugaaacauacacgggaaaccucuu	 hsa-mir-494  	ac	0	1
uuuugcaccuuuuggagugaa	 hsa-mir-507  	ac	0	0
caaagcgcuccccuuuagaggu	 hsa-mir-518b  	ac	0	0
aaagugcuucucuuugguggguu	 hsa-mir-520d  	ac	0	0
acaaagugcuucccuuuagagugu	 hsa-mir-520g  	ac	0	0
acaaagugcuucccuuuagagu	 hsa-mir-520h  	ac	0	0
aacgcacuucccuuuagagugu	 hsa-mir-521  	ac	0	0

