miRNA,Most matched sequence,hsa_Lung-adenoc-A549-mock,hsa_Lung-adenoc-A549-IFNa,hsa_Lung-adenoc-A549-IFNb,hsa_Lung-adenoc-A549-IFNg,hsa_Kidney-embryo-HEK293,hsa_Kidney-embryo-HEK293-exp,hsa_Kidney-embryo-HEK293-6d,hsa_Kidney-embryo-HEK293-Fas12
hsa-miR-142,5p CAUAAAGUAGAAAGCACUACU,0,0,1,0,0,26,6,0
,3p UGUAGUGUUUCCUACUUUAUGGA,0,0,0,0,0,3,1,0
hsa-miR-16,   UAGCAGCACGUAAAUAUUGGCG,53,52,54,37,15,38,72,55
,"*  CCAGUAUUAACUGUGCUGCUGA, CCAAUAUUACUGUGCUGCUUUA",0,0,0,0,0,0,0,1
hsa-miR-21,   UAGCUUAUCAGACUGAUGUUGA,144,230,183,198,0,0,4,3
,*  CAACACCAGUCGAUGGGCUGU,0,1,3,1,0,0,0,0
hsa-miR-15a,   UAGCAGCACAUAAUGGUUUGUG,14,8,8,18,21,30,34,34
,*  CAGGCCAUAUUGUGCUGCCUCA,0,0,0,0,0,0,0,0
hsa-miR-29b,   UAGCACCAUUUGAAAUCAGUGUU,17,34,15,14,1,1,6,5
,"*  CUGGUUUCACAUGGUGGCUUAG, GCUGGUUUCAUAUGGUGGUUUAGA",2,2,2,1,0,0,0,0
hsa-let-7a,   UGAGGUAGUAGGUUGUAUAGUU,59,44.8333,46,33.5,0,5,2,11
,*  CUAUACAAUCUACUGUCUUUCU,0,0,0,0,0,0,0,0
hsa-miR-126,   UCGUACCGUGAGUAAUAAUGCG,4,4,3,6,0,2,0,2
,*  CAUUAUUACUUUUGGUACGCG,5,9,8,3,0,0,0,1
hsa-miR-143,   UGAGAUGAAGCACUGUAGCUCU,0,0,0,0,0,0,1,0
,*  GGUGCAGUGCUGCAUCUCUGGU,0,0,0,0,0,0,0,0
hsa-let-7b,   UGAGGUAGUAGGUUGUGUGGUU,35,19,12,10,0,0,0,1
,*  CUAUACAACCUACUGCCUUCCC,0,0,0,0,0,0,0,0
hsa-miR-27a,   UUCACAGUGGCUAAGUUCCGC,16.5,26.5,25,22.5,0,0,1,0
,*  AGGGCUUAGCUGCUUGUGAGCA,0,0,0,0,0,0,0,0
hsa-let-7f,   UGAGGUAGUAGAUUGUAUAGUU,61,41.3333,34,28,0,0,5,8
,"*  CUAUACAGUCUACUGUCUUUCC, CUAUACAAUCUAUUGCCUUCCC",0,0,0,0,0,0,0,0
hsa-miR-9,   UCUUUGGUUAUCUAGCUGUAUGA,1,1,1,3,0,1,6,3
,*  AUAAAGCUAGAUAACCGAAAGU,0,2,0,1,0,0,3,1
hsa-miR-26a,   UUCAAGUAAUCCAGGAUAGGCU,5,8,2,6,0,2,8,3.5
,"*  CCUAUUCUUGAUUACUUGUUUC, CCUAUUCUUGGUUACUUGCACG",0,0,0,0,0,0,0,0
hsa-miR-24,   UGGCUCAGUUCAGCAGGAACAG,23,33,43,21,1,3,5,2
,"*  UGCCUACUGAGCUGAUAUCAGU, UGCCUACUGAGCUGAAACACAG",0,0,1,0,0,0,0,0
hsa-miR-30e,   UGUAAACAUCCUUGACUGGAAG,4,8,2,7,1,3,7,7
,*  CUUUCAGUCGGAUGUUUACAGC,0,0,0,0,0,0,0,0
hsa-miR-181a,   AACAUUCAACGCUGUCGGUGAGU,1,2,1,2,0,1,1,3
,"*  ACCACUGACCGUUGACUGUACC, ACCAUCGACCGUUGAUUGUACC",0,0,0,0,0,0,0,0
hsa-miR-29a,   UAGCACCAUCUGAAAUCGGUUA,7,5,9,9,0,0,0,0
,*  ACUGAUUUCUUUUGGUGUUCAG,0,0,0,0,0,0,0,0
hsa-miR-124,   UAAGGCACGCGGUGAAUGCC,0,0,0,0,0,1,3,1
,*  CGUGUUCACAGCGGACCUUGAU,0,0,0,0,0,0,0,0
hsa-miR-144,   UACAGUAUAGAUGAUGUACU,0,0,0,0,0,0,0,0
,*  GGAUAUCAUCAUAUACUGUAAG,0,0,0,0,0,0,0,0
hsa-miR-30d,   UGUAAACAUCCCCGACUGGAAG,3,1,6,2,2,4.5,8,3
,*  CUUUCAGUCAGAUGUUUGCUGC,0,1,0,0,0,0,0,0
hsa-miR-19b,   UGUGCAAAUCCAUGCAAAACUGA,1,12,10,8,14,16,25,80
,"*  AGUUUUGCAGGUUUGCAUUUCA, AGUUUUGCAGGUUUGCAUCCAGC",0,0,0,0,0,0,1,2
hsa-miR-22,   AAGCUGCCAGUUGAAGAACUGU,0,10,5,6,0,2,3,4
,*  AGUUCUUCAGUGGCAAGCUUUA,0,0,0,0,0,0,0,0
hsa-miR-122,   UGGAGUGUGACAAUGGUGUUUG,0,0,0,0,0,0,0,0
,*  AACGCCAUUAUCACACUAAAUA,0,0,0,0,0,0,0,0
hsa-miR-150,   UCUCCCAACCCUUGUACCAGUG,0,0,0,0,0,1,0,0
,*  CUGGUACAGGCCUGGGGGACAG,0,0,0,0,0,0,0,0
hsa-miR-32,   UAUUGCACAUUACUAAGUUGCA,16,23,9,8,1,15,12,15
,*  CAAUUUAGUGUGUGUGAUAUUU,0,0,0,0,0,0,0,0
hsa-miR-155,   UUAAUGCUAAUCGUGAUAGGGGU,0,0,0,0,0,0,0,0
,*  CUCCUACAUAUUAGCAUUAACA,0,0,0,0,0,0,0,0
hsa-miR-140,5p CAGUGGUUUUACCCUAUGGUAG,8,17,5,14,1,4,3,9
,3p UACCACAGGGUAGAACCACGG,0,0,0,0,0,1,0,1
hsa-miR-125b,   UCCCUGAGACCCUAACUUGUGA,2,3,0,1,0,0,0,0
,"*  ACGGGUUAGGCUCUUGGGAGCU, UCACAAGUCAGGCUCUUGGGAC",0,0,0,0,0,0,0,0
hsa-miR-99b,   CACCCGUAGAACCGACCUUGCG,8,9,6,6,0,0,6,5
,*  CAAGCUCGUGUCUGUGGGUCCG,0,0,0,0,0,0,0,0
hsa-miR-141,   UAACACUGUCUGGUAAAGAUGG,0,1,1,0,0,0,0,0
,*  CAUCUUCCAGUACAGUGUUGGA,0,0,0,0,0,0,0,0
hsa-miR-92a,   UAUUGCACUUGUCCCGGCCUGU,5,7,5,5,2,9,43,39
,"*  AGGUUGGGAUCGGUUGCAAUGCU, GGGUGGGGAUUUGUUGCAUUAC",0,0,0,0,0,0,0,0
hsa-miR-424/322,   CAGCAGCAAUUCAUGUUUUGAA,7,13,14,26,0,10,27,32
,*  CAAAACGUGAGGCGCUGCUAU,0,0,0,1,0,0,0,0
hsa-miR-191,   CAACGGAAUCCCAAAAGCAGCUG,7,6,5,5,3,4,8,5
,*  GCUGCGCUUGGAUUUCGUCCCC,0,0,0,0,0,0,0,0
hsa-miR-17,   CAAAGUGCUUACAGUGCAGGUAG,3,6,5,7,9,16.5,28,17.8333
,*  ACUGCAGUGAAGGCACUUGUAG,0,2,0,0,0,3,6,3
hsa-miR-130a,   CAGUGCAAUGUUAAAAGGGCAU,6,4,5,4,0,0,0,0
,*  UUCACAUUGUGCUACUGUCUGC,0,0,0,0,0,0,0,0
hsa-miR-20a,   UAAAGUGCUUAUAGUGCAGGUAG,3,7,4,4,3,13,25,30.8333
,*  ACUGCAUUAUGAGCACUUAAAG,0,0,0,0,0,1,0,1
hsa-miR-27b,   UUCACAGUGGCUAAGUUCUGC,28.5,32.5,40,17.5,0,2,4,0
,*  AGAGCUUAGCUGAUUGGUGAAC,0,1,0,0,0,0,0,0
hsa-miR-26b,   UUCAAGUAAUUCAGGAUAGGU,3,6,5,6,0,0,5,2.5
,*  CCUGUUCUCCAUUACUUGGCUC,0,0,0,0,0,0,0,0
hsa-miR-146a,   UGAGAACUGAAUUCCAUGGGUU,0,0,0,0,0,0,0,0
,*  CCUCUGAAAUUCAGUUCUUCAG,0,0,0,0,0,0,0,0
hsa-miR-200c,   UAAUACUGCCGGGUAAUGAUGGA,0,0,0,0,0,0,0,2
,*  CGUCUUACCCAGCAGUGUUUGG,0,0,0,0,0,0,0,0
hsa-miR-99a,   AACCCGUAGAUCCGAUCUUGUG,1,0,0,3,2,0,4,0
,*  CAAGCUCGCUUCUAUGGGUCUG,0,0,0,0,0,0,0,0
hsa-miR-19a,   UGUGCAAAUCUAUGCAAAACUGA,9,11,7,5,3,24,21,69
,*  AGUUUUGCAUAGUUGCACUACA,0,0,0,1,0,0,0,0
hsa-miR-23a,   AUCACAUUGCCAGGGAUUUCC,8,9.5,14,8,0,0,1,0
,*  GGGGUUCCUGGGGAUGGGAUUU,0,0,0,0,0,0,0,0
hsa-miR-30a,   UGUAAACAUCCUCGACUGGAAG,11,12,12,10,1,2.5,2,1
,*  CUUUCAGUCGGAUGUUUGCAGC,1,1,3,2,0,0,0,0
hsa-let-7i,   UGAGGUAGUAGUUUGUGCUGUU,25,26,22.5,31,0,0,0,0
,*  CUGCGCAAGCUACUGCCUUGCU,0,0,0,0,0,0,0,0
hsa-miR-93,   CAAAGUGCUGUUCGUGCAGGUAG,4,2,3,4,3,7,16,2
,*  ACUGCUGAGCUAGCACUUCCCG,0,0,0,0,0,0,0,0
hsa-let-7c,   UGAGGUAGUAGGUUGUAUGGUU,3,3,0,2.5,0,1,0,1
,*  UAGAGUUACACCCUGGGAGUUA,0,0,0,0,0,0,0,0
hsa-miR-106b,   UAAAGUGCUGACAGUGCAGAU,2,4,4,1,1,4,5,16
,*  CCGCACUGUGGGUACUUGCUGC,0,0,0,0,0,0,0,0
hsa-miR-101,   UACAGUACUGUGAUAACUGAA,1,0,2,0,0,2,3,0
,*  CAGUUAUCACAGUGCUGAUGCU,0,0,0,0,0,0,0,0
hsa-let-7g,   UGAGGUAGUAGUUUGUACAGUU,0,3.33333,2.5,3,0,0,0,1
,*  CUGUACAGGCCACUGCCUUGCU,0,0,0,0,0,0,0,0
hsa-miR-425,   AAUGACACGAUCACUCCCGUUGA,3,2,0,2,0,3,6,3
,*  AUCGGGAAUGUCGUGUCCGCCC,0,0,0,0,0,0,1,0
hsa-miR-15b,   UAGCAGCACAUCAUGGUUUACA,6,6,8,3,1,8,4,6
,*  CGAAUCAUUAUUUGCUGCUCUA,0,0,0,0,0,0,0,0
hsa-miR-28,5p AAGGAGCUCACAGUCUAUUGAG,2,5,3,4,0,2,1,0
,3p CACUAGAUUGUGAGCUCCUGGA,1,4,2,3,0,0,0,0
hsa-miR-18a,   UAAGGUGCAUCUAGUGCAGAUAG,1,1.5,2.5,1,17,18.5,20,36
,*  ACUGCCCUAAGUGCUCCUUCUGG,1,0,0,0,0,3,2,0
hsa-miR-451,   AAACCGUUACCAUUACUGAGUU,0,0,0,0,0,0,0,0
hsa-miR-25,   CAUUGCACUUGUCUCGGUCUGA,3,5,8,2,0,2,12,9
,*  AGGCGGAGACUUGGGCAAUUG,0,0,0,0,0,0,0,2
hsa-miR-23b,   AUCACAUUGCCAGGGAUUACC,12,9.5,7,7,0,0,0,1
hsa-miR-302a,   UAAGUGCUUCCAUGUUUUGGUGA,0,0,0,0,0,0,0,0
,*  ACUUAAACGUGGAUGUACUUGCU,0,0,0,0,0,0,0,0
hsa-miR-186,   CAAAGAAUUCUCCUUUUGGGCU,3,8,2,5,1,2,7,18
,*  GCCCAAAGGUGAAUUUUUUGGG,0,0,0,0,0,0,1,1
hsa-miR-29c,   UAGCACCAUUUGAAAUCGGUUA,1,3,2,1,0,0,1,4
,*  UGACCGAUUUCUCCUGGUGUUC,0,0,0,0,0,0,0,0
hsa-miR-7,   UGGAAGACUAGUGAUUUUGUUGU,2,8,1,4,0,0,0,16
,"*  CAACAAAUCCCAGUCUACCUAA, CAACAAAUCACAGUCUGCCAUA",0,0,0,0,0,0,0,0
hsa-let-7d,   AGAGGUAGUAGGUUGCAUAGUU,5,6,2.5,2,0,0,0,0
,*  CUAUACGACCUGCUGCCUUUCU,0,0,0,0,0,0,0,0
hsa-miR-30c,   UGUAAACAUCCUACACUCUCAGC,1,3,1,0,0,0,5,1
,"*  CUGGGAGAAGGCUGUUUACUCU, CUGGGAGAGGGUUGUUUACUCC",0,2,0,0,0,0,0,0
hsa-miR-181b,   AACAUUCAUUGCUGUCGGUGGGU,2,1,1,2,0,1,1,1
hsa-miR-223,   UGUCAGUUUGUCAAAUACCCCA,0,0,0,0,0,0,0,0
,*  CGUGUAUUUGACAAGCUGAGUU,0,0,0,0,0,0,0,0
hsa-miR-320,   AAAAGCUGGGUUGAGAGGGCGA,0,4,3,7,0,2,1,2
hsa-miR-374a,   UUAUAAUACAACCUGAUAAGUG,9,3,7,8,0,1,5,1
,*  CUUAUCAGAUUGUAUUGUAAUU,0,0,0,0,0,0,0,0
hsa-let-7e,   UGAGGUAGGAGGUUGUAUAGUU,15,9.5,8.5,5,0,1,0,2
,*  CUAUACGGCCUCCUAGCUUUCC,0,0,0,0,0,0,0,0
hsa-miR-151,5p UCGAGGAGCUCACAGUCUAGU,3,5,3,10,0,0,6,5
,3p CUAGACUGAAGCUCCUUGAGG,1,0,1,3,0,1,1,0
hsa-miR-374b,   AUAUAAUACAACCUGCUAAGUG,4,7,6,4,0,1,2,3
,*  CUUAGCAGGUUGUAUUAUCAUU,0,3,0,0,0,0,0,1
hsa-miR-367,   AAUUGCACUUUAGCAAUGGUGA,0,0,0,0,0,0,0,0
,*  ACUGUUGCUAAUAUGCAACUCU,0,0,0,0,0,0,0,0
hsa-miR-196b,   UAGGUAGUUUCCUGUUGUUGGG,0,0,1,0,3,35,23,38
hsa-miR-100,   AACCCGUAGAUCCGAACUUGUG,2,1,1,0,0,0,0,0
,*  CAAGCUUGUAUCUAUAGGUAUG,0,0,0,0,0,0,0,0
hsa-miR-103,   AGCAGCAUUGUACAGGGCUAUGA,1,1,0,2,0,1,4,3
hsa-miR-96,   UUUGGCACUAGCACAUUUUUGCU,1,2,6,2,0,0,6,3
,*  AAUCAUGUGCAGUGCCAAUAUG,0,0,0,0,0,0,0,0
hsa-miR-302b,   UAAGUGCUUCCAUGUUUUAGUAG,0,0,0,0,0,0,0,0
,*  ACUUUAACAUGGAAGUGCUUUC,0,0,0,0,0,0,0,0
hsa-miR-194,   UGUAACAGCAACUCCAUGUGGA,6,4,8,4,0,0,0,0
,*  CCAGUGGGGCUGCUGUUAUCUG,0,0,0,0,0,0,0,0
hsa-miR-125a,5p UCCCUGAGACCCUUUAACCUGUGA,2,0,1,2,0,1,1,0
,3p ACAGGUGAGGUUCUUGGGAGCC,0,0,1,1,0,0,0,0
hsa-miR-423,5p UGAGGGGCAGAGAGCGAGACUUU,2,0,3,0,0,0,0,2
,3p AGCUCGGUCUGAGGCCCCUCAGU,0,0,0,0,0,0,0,2
hsa-miR-221,   AGCUACAUUGUCUGCUGGGUUUC,0,0,2,1,2,2,5,8
,*  ACCUGGCAUACAAUGUAGAUUU,0,0,0,0,0,0,0,0
hsa-miR-145,   GUCCAGUUUUCCCAGGAAUCCCU,0,0,0,0,0,0,0,0
,*  GGAUUCCUGGAAAUACUGUUCU,0,0,0,0,0,0,0,0
hsa-miR-368,   AACAUAGAGGAAAUUCCACGU,0,0,2,2,0,0,0,0
hsa-miR-195,   UAGCAGCACAGAAAUAUUGGC,0,0,0,1,0,0,1,2
,*  CCAAUAUUGGCUGUGCUGCUCC,0,0,0,0,0,0,0,0
hsa-miR-222,   AGCUACAUCUGGCUACUGGGU,0,4,1,3,1,0,2,1
,*  CUCAGUAGCCAGUGUAGAUCCU,0,0,0,0,0,0,0,0
hsa-miR-128a/128b,   UCACAGUGAACCGGUCUCUUU,0,0,1,0,0,0,1,2
hsa-miR-302c,   UAAGUGCUUCCAUGUUUCAGUGG,0,0,0,0,0,0,0,0
,*  UUUAACAUGGGGGUACCUGCUG,0,0,0,0,0,0,0,0
hsa-miR-185,   UGGAGAGAAAGGCAGUUCCUGA,1,1,0,0,1,0,0,2
,*  AGGGGCUGGCUUUCCUCUGGUC,0,0,0,0,0,0,0,0
hsa-miR-30b,   UGUAAACAUCCUACACUCAGCU,0,2,1,1,0,1,2,2
,*  CUGGGAGGUGGAUGUUUACUUC,0,0,0,0,0,0,0,0
hsa-miR-210,   CUGUGCGUGUGACAGCGGCUGA,0,0,0,0,0,0,0,0
hsa-miR-375,   UUUGUUCGUUCGGCUCGCGUGA,0,0,0,0,0,0,0,0
hsa-miR-182,   UUUGGCAAUGGUAGAACUCACACU,7,4,3,7,0,3,2,4
,*  GUGAGGUAACAGGAUCCGGUGG,0,0,0,0,0,0,0,0
hsa-miR-196a,   UAGGUAGUUUCAUGUUGUUGGG,2,4,3,0,6,2,3,8
,*  CGGCAACAAGAAACUGCCUGAG,0,0,0,0,0,0,0,1
hsa-miR-31,   AGGCAAGAUGCUGGCAUAGCU,10,14,11,12,0,0,3,2
,*  UGCUAUGCCAACAUAUUGCCAU,0,0,0,0,0,0,0,0
hsa-miR-136,   ACUCCAUUUGUUUUGAUGAUGGA,0,0,0,0,0,0,0,0
,*  CAUCAUCGUCUCAAAUGAGUCU,0,0,0,0,0,0,0,0
hsa-miR-10a,   UACCCUGUAGAUCCGAAUUUGUG,2,4,4,0,2,12,10,26
,*  CAAAUUCGUAUCUAGGGGAAUA,0,0,0,0,0,2,1,0
hsa-miR-302d,   UAAGUGCUUCCAUGUUUGAGUGU,0,0,0,0,0,0,0,0
,*  ACUUUAACAUGGAGGCACUUGC,0,0,0,0,0,0,0,0
hsa-miR-708,   AAGGAGCUUACAAUCUAGCUGGG,0,0,0,0,0,1,1,0
,*  CAACUAGACUGUGAGCUUCUAG,0,0,0,0,0,0,0,0
hsa-miR-324,5p CGCAUCCCCUAGGGCAUUGGUGU,0,1,0,0,0,0,8,1
,3p ACUGCCCCAGGUGCUGCUGGU,1,0,0,0,1,1,0,0
hsa-miR-193a,3p AACUGGCCUACAAAGUCCCAGU,0,0,1,0,0,0,1,0
,5p UGGGUCUUUGCGGGCGAGAUGA,0,1,0,0,0,0,0,0
hsa-miR-137,   UUAUUGCUUAAGAAUACGCGUAG,1,2,1,0,0,0,0,0
hsa-miR-378,   ACUGGACUUGGAGUCAGAAGG,0,2,2,0,0,1,4,12
,*  CUCCUGACUCCAGGUCCUGUGU,0,0,0,0,0,0,1,0
hsa-miR-135b,   UAUGGCUUUUCAUUCCUAUGUGA,0,0,0,0,0,0,0,0
,*  AUGUAGGGCUAAAAGCCAUGGG,0,0,0,0,0,0,0,0
hsa-miR-342,3p UCUCACACAGAAAUCGCACCCGU,1,0,0,0,0,0,0,0
,5p AGGGGUGCUAUCUGUGAUUGA,0,0,0,0,0,0,0,0
hsa-miR-205,   UCCUUCAUUCCACCGGAGUCUG,0,0,0,0,0,0,0,0
hsa-miR-192,   CUGACCUAUGAAUUGACAGCC,8,10,7,9,0,0,0,0
,*  CUGCCAAUUCCAUAGGUCACAG,0,0,1,0,0,0,0,0
hsa-miR-10b,   UACCCUGUAGAACCGAAUUUGUG,1,0,0,0,0,1,6,11
,*  ACAGAUUCGAUUCUAGGGGAAU,0,0,0,0,0,0,0,0
hsa-miR-744,   UGCGGGGCUAGGGCUAACAGCA,1,0,0,1,0,1,0,1
,*  CUGUUGCCACUAACCUCAACCU,0,0,0,0,0,0,0,0
hsa-miR-363,   AAUUGCACGGUAUCCAUCUGUA,0,0,0,0,0,0,0,0
,*  CGGGUGGAUCACGAUGCAAUUU,0,0,0,0,0,0,0,0
hsa-miR-503,   UAGCAGCGGGAACAGUUCUGCAG,0,0,2,2,0,1,5,2
hsa-miR-130b,   CAGUGCAAUGAUGAAAGGGCAU,0,0,0,0,0,0,0,3
,*  ACUCUUUCCCUGUUGCACUAC,0,0,0,0,0,0,0,0
hsa-miR-214,   ACAGCAGGCACAGACAGGCAGU,0,0,0,0,0,1,0,0
,*  UGCCUGUCUACACUUGCUGUGC,0,0,0,0,0,0,0,0
hsa-miR-454,   UAGUGCAAUAUUGCUUAUAGGGU,0,1,0,2,0,1,0,2
,*  ACCCUAUCAAUAUUGUCUCUGC,0,0,0,0,0,0,0,0
hsa-miR-379,   UGGUAGACUAUGGAACGUAGG,0,0,0,0,0,0,0,0
,*  UAUGUAACAUGGUCCACUAACU,0,0,0,0,0,0,0,0
hsa-miR-301a,   CAGUGCAAUAGUAUUGUCAAAGC,0,0,1,0,0,0,0,0
hsa-miR-98,   UGAGGUAGUAAGUUGUAUUGUU,4,1,0,5,0,0,0,0
hsa-miR-34a,   UGGCAGUGUCUUAGCUGGUUGU,0,1,0,0,0,0,1,1
,*  CAAUCAGCAAGUAUACUGCCCU,0,0,0,0,0,0,0,0
hsa-miR-33a,   GUGCAUUGUAGUUGCAUUGCA,0,0,0,0,0,1,3,0
,*  CAAUGUUUCCACAGUGCAUCAC,0,0,0,0,0,0,0,0
hsa-miR-339,3p UGAGCGCCUCGACGACAGAGCCG,0,0,0,2,0,2,0,3
,5p UCCCUGUCCUCCAGGAGCUCACG,0,0,0,0,1,0,1,0
hsa-miR-301b,   CAGUGCAAUGAUAUUGUCAAAGC,1,0,0,0,0,0,1,4
hsa-miR-377,   AUCACACAAAGGCAACUUUUGU,0,0,0,0,0,0,0,0
,*  AGAGGUUGCCCUUGGUGAAUUC,0,0,0,0,0,0,0,0
hsa-miR-193b,   AACUGGCCCUCAAAGUCCCGCU,1,1,0,0,0,1,1,0
,*  CGGGGUUUUGAGGGCGAGAUGA,0,0,0,0,0,0,0,0
hsa-miR-200b,   UAAUACUGCCUGGUAAUGAUGA,0,0,0,0,0,0,0,0
,*  CAUCUUACUGGGCAGCAUUGGA,0,0,0,0,0,0,0,0
hsa-miR-652,   AAUGGCGCCACUAGGGUUGUGU,0,0,0,1,0,2,0,0
hsa-miR-153,   UUGCAUAGUCACAAAAGUGAUC,0,0,0,0,0,0,3,0
hsa-miR-886,5p CGGGUCGGAGUUAGCUCAAGCGG,2,1,1,1,0,0,0,0
,3p CGCGGGUGCUUACUGACCCUU,0,0,0,1,0,0,0,0
hsa-miR-20b,   CAAAGUGCUCAUAGUGCAGGUAG,0,0,0,0,0,0.5,0,0.333333
,*  ACUGUAGUAUGGGCACUUCCAG,0,0,0,0,0,0,0,0
hsa-miR-138,   AGCUGGUGUUGUGAAUCAGGCCG,0,1,0,0,0,0,0,0
,"*  GCUACUUCACAACACCAGGGCC, GCUAUUUCACGACACCAGGGUU",1,0,0,0,0,0,0,0
hsa-miR-200a,   UAACACUGUCUGGUAACGAUGU,0,0,0,0,0,0,0,0
,*  CAUCUUACCGGACAGUGCUGGA,0,0,0,0,0,1,0,0
hsa-miR-199a,5p CCCAGUGUUCAGACUACCUGUUC,0,0,0,0,0,0,0,0
hsa-miR-199b,5p CCCAGUGUUUAGACUAUCUGUUC,0,0,0,0,0,0,0,0
hsa-miR-199a/199b,3p ACAGUAGUCUGCACAUUGGUUA,0,0,0,0,0,1,0,0
hsa-miR-33b,   GUGCAUUGCUGUUGCAUUGC,1,1,0,1,1,2,0,0
,*  CAGUGCCUCGGCAGUGCAGCCC,0,1,0,0,0,0,0,0
hsa-miR-106a,   AAAAGUGCUUACAGUGCAGGUAG,0,0,0,0,0,0,0,0
,*  CUGCAAUGUAAGCACUUCUUAC,0,0,0,0,0,0,0,0
hsa-miR-183,   UAUGGCACUGGUAGAAUUCACU,2,2,2,4,0,0,2,2
,*  GUGAAUUACCGAAGGGCCAUAA,0,0,0,0,0,0,0,0
hsa-miR-92b,   UAUUGCACUCGUCCCGGCCUCC,1,1,1,0,0,0,2,1
,*  AGGGACGGGACGCGGUGCAGUG,0,0,0,0,0,0,0,0
hsa-miR-134,   UGUGACUGGUUGACCAGAGGGG,0,0,0,0,0,0,0,0
hsa-miR-132,   UAACAGUCUACAGCCAUGGUCG,0,0,0,1,0,0,1,2
,*  ACCGUGGCUUUCGAUUGUUACU,0,0,0,0,0,0,0,0
hsa-miR-148a,   UCAGUGCACUACAGAACUUUGU,0,0,0,0,0,0,1,0
,*  AAAGUUCUGAGACACUCCGACU,0,0,0,0,0,0,0,0
hsa-miR-218,   UUGUGCUUGAUCUAACCAUGU,0,0,0,0,0,2,1,7
,"*  AUGGUUCCGUCAAGCACCAUGG, CAUGGUUCUGUCAAGCACCGCG",0,0,0,0,0,0,1,0
hsa-miR-365,   UAAUGCCCCUAAAAAUCCUUAU,0,1,4,1,0,0,1,0
hsa-miR-497,   CAGCAGCACACUGUGGUUUGU,0,0,0,0,0,0,0,0
,*  CAAACCACACUGUGGUGUUAGA,0,0,0,0,0,0,0,0
hsa-miR-574,3p CACGCUCAUGCACACACCCACA,0,0,0,0,0,0,0,0
,5p UGAGUGUGUGUGUGUGAGUGUGU,1,0,0,1,0,0,0,0
hsa-miR-625,   AGGGGGAAAGUUCUAUAGUCC,0,1,0,1,0,0,1,0
,*  GACUAUAGAACUUUCCCCCUCA,0,0,0,0,0,0,0,0
hsa-miR-488,   UUGAAAGGCUAUUUCUUGGUCU,0,0,0,0,0,0,0,0
hsa-miR-129,5p CUUUUUGCGGUCUGGGCUUGC,0,0,0,0,0,0,1,0
,"3p AAGCCCUUACCCCAAAAAGCAU, AAGCCCUUACCCCAAAAAGUAU",0,0,0,0,0,0,1,0
hsa-miR-345,   GCUGACUCCUAGUCCAGGGCUC,0,0,0,0,0,0,0,0
hsa-miR-518b,   CAAAGCGCUCCCCUUUAGAGGU,0,0,0,0,0,0,0,0
hsa-miR-517a,   AUCGUGCAUCCCUUUAGAGUGU,0,0,0,0,0,0,0,0
hsa-miR-421,   AUCAACAGACAUUAAUUGGGCGC,1,0,0,0,0,0,1,3
,*  GGCCUCAUUAAAUGUUUGUUG,0,0,0,0,0,0,0,0
hsa-miR-197,   UUCACCACCUUCUCCACCCAGC,0,0,0,0,0,1,1,0
hsa-miR-18b,   UAAGGUGCAUCUAGUGCAGUUAG,0,0.5,0.5,0,0,0.5,0,0
,*  UGCCCUAAAUGCCCCUUCUGGC,0,0,0,0,0,0,0,0
hsa-miR-335,   UCAAGAGCAAUAACGAAAAAUGU,1,1,0,2,0,0,0,0
,*  UUUUUCAUUAUUGCUCCUGACC,0,0,0,0,0,0,0,0
hsa-miR-376a,   AUCAUAGAGGAAAAUCCACGU,0,0,0,0,0,0,0,0
,*  GUAGAUUCUCCUUCUAUGAGUA,0,0,0,0,0,0,0,0
hsa-miR-361,5p UUAUCAGAAUCUCCAGGGGUAC,1,1,0,0,0,0,0,1
,3p UCCCCCAGGUGUGAUUCUGAUUU,0,0,0,0,0,0,0,0
hsa-miR-483,5p AAGACGGGAGGAAAGAAGGGAG,0,0,0,0,0,0,0,0
,3p UCACUCCUCUCCUCCCGUCUU,0,0,0,0,0,0,0,0
hsa-miR-505,   CGUCAACACUUGCUGGUUUCCU,0,1,1,1,0,0,0,0
,*  GGGAGCCAGGAAGUAUUGAUGU,0,0,0,0,0,0,0,0
hsa-miR-381,   UAUACAAGGGCAAGCUCUCUGU,0,0,0,0,0,0,0,0
hsa-miR-877,   GUAGAGGAGAUGGCGCAGGG,0,0,1,0,0,0,0,0
,*  UCCUCUUCUCCCUCCUCCCAGG,0,0,0,0,0,0,0,0
hsa-miR-203,   GUGAAAUGUUUAGGACCACUAG,0,0,0,0,0,0,0,0
hsa-miR-411,   UAGUAGACCGUAUAGCGUACG,0,0,0,0,0,0,0,0
,*  UAUGUAACACGGUCCACUAACC,0,0,0,0,0,0,0,0
hsa-miR-152,   UCAGUGCAUGACAGAACUUGG,0,1,0,0,0,0,0,0
hsa-miR-532,5p CAUGCCUUGAGUGUAGGACCGU,0,0,0,0,0,0,0,0
,3p CCUCCCACACCCAAGGCUUGCA,0,0,0,0,0,1,0,1
hsa-miR-224,   CAAGUCACUAGUGGUUCCGUU,1,5,4,3,0,0,0,0
hsa-miR-154,   UAGGUUAUCCGUGUUGCCUUCG,0,0,0,0,0,0,0,0
,*  AAUCAUACACGGUUGACCUAUU,0,0,0,0,0,0,0,0
hsa-miR-326,   CCUCUGGGCCCUUCCUCCAGU,0,0,0,0,0,0,0,0
hsa-miR-373,   GAAGUGCUUCGAUUUUGGGGUGU,0,0,0,0,0,0,0,0
hsa-miR-135a,   UAUGGCUUUUUAUUCCUAUGUGA,0,0,0,0,0,0,0,0
,*  UAUAGGGAUUGGAGCCGUGGCG,0,0,0,0,0,0,0,0
hsa-miR-202,   AGAGGUAUAGGGCAUGGGAA,0,0,0,0,0,0,0,0
,*  UUCCUAUGCAUAUACUUCUUUG,0,0,0,0,0,0,0,0
hsa-miR-340,   UUAUAAAGCAAUGAGACUGAUU,0,1,0,0,0,1,1,1
,*  UCCGUCUCAGUUACUUUAUAGC,0,0,0,0,0,0,0,0
hsa-miR-107,   AGCAGCAUUGUACAGGGCUAUCA,0,0,0,0,0,0,0,0
hsa-miR-139,5p UCUACAGUGCACGUGUCUCCAG,0,0,0,0,0,0,0,0
,3p GGAGACGCGGCCCUGUUGGAGU,0,0,0,0,0,0,0,0
hsa-miR-545,   UCAGCAAACAUUUAUUGUGUGC,0,1,0,0,0,0,0,0
,*  UCAGUAAAUGUUUAUUAGAUGA,0,0,0,0,0,0,0,0
hsa-miR-338,3p UCCAGCAUCAGUGAUUUUGUUG,0,0,0,0,0,1,1,0
,5p AACAAUAUCCUGGUGCUGAGUG,0,0,0,0,0,0,0,0
hsa-miR-127,3p UCGGAUCCGUCUGAGCUUGGCU,0,0,0,0,0,0,0,0
,5p CUGAAGCUCAGAGGGCUCUGAU,0,0,0,0,0,0,0,0
hsa-miR-516b,   AUCUGGAGGUAAGAAGCACUUU,0,0,0,0,0,0,0,0
hsa-miR-455,3p GCAGUCCAUGGGCAUAUACAC,0,0,0,0,0,1,0,0
,5p UAUGUGCCUUUGGACUACAUCG,0,0,0,0,0,0,0,0
hsa-miR-500,   UAAUCCUUGCUACCUGGGUGAGA,0,0,0,0,0,0,0,0
,*  AUGCACCUGGGCAAGGAUUCUG,0,0,0,0,0,0,0,0
hsa-miR-484,   UCAGGCUCAGUCCCCUCCCGAU,0,1,0,0,0,0,0,1
hsa-miR-216a,   UAAUCUCAGCUGGCAACUGUGA,0,0,0,0,0,0,0,0
hsa-miR-518c,   CAAAGCGCUUCUCUUUAGAGUGU,0,0,0,0,0,0,0,0
hsa-miR-1,   UGGAAUGUAAAGAAGUAUGUAU,0,0,0,0,0,0,0,0
hsa-miR-590,3p UAAUUUUAUGUAUAAGCUAGU,2,1,0,0,0,0,1,1
,5p GAGCUUAUUCAUAAAAGUGCAG,0,0,0,0,0,0,0,0
hsa-miR-372,   AAAGUGCUGCGACAUUUGAGCGU,0,0,0,0,0,0,0,0
hsa-miR-148b,   UCAGUGCAUCACAGAACUUUGU,0,0,0,0,0,0,0,0
,*  AAGUUCUGUUAUACACUCAGGC,0,0,0,0,0,0,0,0
hsa-miR-181c,   AACAUUCAACCUGUCGGUGAGU,0,0,0,0,0,0,0,0
,*  AACCAUCGACCGUUGAGUGGAC,0,0,0,0,0,0,0,0
hsa-miR-891a,   UGCAACGAACCUGAGCCACUGA,0,0,0,0,0,0,0,0
hsa-miR-204,   UUCCCUUUGUCAUCCUAUGCCU,0,0,0,0,0,0,0,0
hsa-miR-570,   CGAAAACAGCAAUUACCUUUGC,0,0,1,0,0,0,0,0
hsa-miR-188,5p CAUCCCUUGCAUGGUGGAGGG,0,0,0,0,0,1,1,0
,3p CUCCCACAUGCAGGGUUUGCA,0,0,0,0,0,0,0,0
hsa-miR-149,   UCUGGCUCCGUGUCUUCACUCCC,0,0,0,0,0,0,1,0
hsa-miR-410,   AAUAUAACACAGAUGGCCUGU,0,0,0,0,0,0,0,0
hsa-miR-431,   UGUCUUGCAGGCCGUCAUGCA,0,0,0,0,0,0,0,0
,*  CAGGUCGUCUUGCAGGGCUUCU,0,0,0,0,0,0,0,0
hsa-miR-331,3p GCCCCUGGGCCUAUCCUAGAA,0,0,0,0,0,0,0,0
,5p CUAGGUAUGGUCCCAGGGAUCC,0,0,1,0,0,0,0,0
hsa-miR-548c,   AAAAGUAAUUGCGGUUUUUGCC,0,0,1,0,0,0,0,0
hsa-miR-486,5p UCCUGUACUGAGCUGCCCCGAG,0,0,0,0,0,0,0,0
,3p CGGGGCAGCUCAGUACAGGAU,0,0,0,0,0,0,0,0
hsa-miR-518e,   AAAGCGCUUCCCUUCAGAGUG,0,0,0,0,0,0,0,0
hsa-miR-519a,   AAAGUGCAUCCUUUUAGAGUGU,0,0,0,0,0,0,0,0
hsa-miR-523,   GAACGCGCUUCCCUAUAGAGGGU,0,0,0,0,0,0,0,0
hsa-miR-522,   AAAAUGGUUCCCUUUAGAGUGU,0,0,0,0,0,0,0,0
hsa-miR-519b,   AAAGUGCAUCCUUUUAGAGGUU,0,0,0,0,0,0,0,0
hsa-miR-519c,   CUCUAGAGGGAAGCGCUUUCUG,0,0,0,0,0,0,0,0
hsa-miR-518e/519a-1/ 519b/519c/522/523,*  CUCUAGAGGGAAGCGCUUUCUG,0,0,0,0,0,0,0,0
hsa-miR-34c,5p AGGCAGUGUAGUUAGCUGAUUGC,0,0,0,0,0,0,0,0
,3p AAUCACUAACCACACGGCCAGG,0,0,0,0,0,0,0,0
hsa-miR-629,   UGGGUUUACGUUGGGAGAACU,0,1,1,0,0,0,0,0
,*  GUUCUCCCAACGUAAGCCCAGC,0,0,0,0,0,0,0,0
hsa-miR-452,   AACUGUUUGCAGAGGAAACUGA,2,2,1,0,0,0,0,0
,*  CUCAUCUGCAAAGAAGUAAGUG,0,0,0,0,0,0,0,0
hsa-miR-184,   UGGACGGAGAACUGAUAAGGGU,0,0,0,0,0,0,0,0
hsa-miR-660,   UACCCAUUGCAUAUCGGAGUUG,0,0,0,0,0,0,1,0
hsa-miR-874,   CUGCCCUGGCCCGAGGGACCGA,0,0,0,0,0,0,0,0
hsa-miR-337,5p GAACGGCUUCAUACAGGAGUU,0,0,0,0,0,0,0,0
,3p CUCCUAUAUGAUGCCUUUCUUC,0,0,0,0,0,0,0,0
hsa-miR-146b,5p UGAGAACUGAAUUCCAUAGGCU,0,0,0,0,0,0,0,0
,3p UGCCCUGUGGACUCAGUUCUGG,0,0,0,0,0,0,0,0
hsa-miR-432,   UCUUGGAGUAGGUCAUUGGGUGG,0,0,0,0,0,0,0,0
hsa-miR-888,   UACUCAAAAAGCUGUCAGUCA,0,0,0,0,0,0,0,0
,*  GACUGACACCUCUUUGGGUGAA,0,0,0,0,0,0,0,0
hsa-miR-518f,   GAAAGCGCUUCUCUUUAGAGG,0,0,0,0,0,0,0,0
,*  CUCUAGAGGGAAGCACUUUCUC,0,0,0,0,0,0,0,0
hsa-miR-370,   GCCUGCUGGGGUGGAACCUGGU,0,0,0,0,0,0,0,0
hsa-miR-95,   UUCAACGGGUAUUUAUUGAGCA,0,0,0,0,0,0,3,0
hsa-miR-206,   UGGAAUGUAAGGAAGUGUGUGG,0,0,0,0,0,0,3,0
hsa-miR-490,   CCAUGGAUCUCCAGGUGGGU,0,0,0,0,0,0,0,0
hsa-miR-873,   GCAGGAACUUGUGAGUCUCCU,0,0,0,0,0,0,0,0
hsa-miR-521,   AACGCACUUCCCUUUAGAGUGU,0,0,0,0,0,0,0,0
hsa-miR-524,   CUACAAAGGGAAGCACUUUCUC,0,0,0,0,0,0,0,0
hsa-miR-296,3p GAGGGUUGGGUGGAGGCUCUCC,0,0,0,0,0,0,1,1
,5p AGGGCCCCCCCUCAAUCCUGU,0,0,0,0,0,0,0,0
hsa-miR-133a,   UUUGGUCCCCUUCAACCAGCUG,0,0,0,0,0,0,0,0
hsa-miR-892b,   CACUGGCUCCUUUCUGGGUAGA,0,0,0,0,0,0,0,0
hsa-miR-409,3p GAAUGUUGCUCGGUGAACCCCU,0,0,0,0,0,0,0,0
,5p AGGUUACCCGAGCAACUUUGCAU,0,0,0,0,0,0,0,0
hsa-miR-429,   UAAUACUGUCUGGUAAAACCGU,0,0,0,0,0,0,0,0
hsa-miR-362,5p AAUCCUUGGAACCUAGGUGUGAGU,0,0,0,1,0,0,0,0
,3p AACACACCUAUUCAAGGAUUCA,0,0,0,0,0,0,0,0
hsa-miR-525,3p GAAGGCGCUUCCCUUUAGAGCG,0,0,0,0,0,0,0,0
,5p CUCCAGAGGGAUGCACUUUCU,0,0,0,0,0,0,0,0
hsa-miR-493,   UGAAGGUCUACUGUGUGCCAGG,0,0,0,0,0,0,0,0
,*  UUGUACAUGGUAGGCUUUCAUU,0,0,0,0,0,0,0,0
hsa-miR-519d,   CAAAGUGCCUCCCUUUAGAGUG,0,0,0,0,0,0,0,0
hsa-miR-526b,   CUCUUGAGGGAAGCACUUUCUGU,0,0,0,0,0,0,0,0
,*  GAAAGUGCUUCCUUUUAGAGGC,0,0,0,0,0,0,0,0
hsa-miR-190,   UGAUAUGUUUGAUAUAUUAGGU,1,0,0,0,0,0,0,0
hsa-miR-515,5p UUCUCCAAAAGAAAGCACUUUCUG,0,0,0,0,0,0,0,0
,3p GAGUGCCUUCUUUUGGAGCGUU,0,0,0,0,0,0,0,0
hsa-miR-509,"5p UACUGCAGACGUGGCAAUCAUG, UACUGCAGACAGUGGCAAUCAA",0,0,0,0,0,0,0,0
,3p UGAUUGGUACGUCUGUGGGUAG,0,0,0,0,0,0,0,0
hsa-miR-665,   ACCAGGAGGCUGAGGCCCCU,0,0,0,0,0,0,0,0
hsa-miR-217,   UACUGCAUCAGGAACUGAUUGGA,0,0,0,0,0,0,0,0
hsa-miR-582,3p UAACUGGUUGAACAACUGAACC,1,1,0,0,0,0,0,0
,5p UUACAGUUGUUCAACCAGUUACU,1,2,1,0,0,0,0,0
hsa-miR-514,   AUUGACACUUCUGUGAGUAGA,0,0,0,0,0,0,0,0
hsa-miR-376b,   AUCAUAGAGGAAAAUCCAUGUU,0,0,1,0,0,0,0,0
hsa-miR-371,5p ACUCAAACUGUGGGGGCACU,0,0,0,0,0,0,0,0
,3p AAGUGCCGCCAUCUUUUGAGUGU,0,0,0,0,0,0,0,0
hsa-miR-872,   AAGGUUACUUGUUAGUUCAGG,0,0,0,0,0,0,0,0
hsa-miR-517c,   AUCGUGCAUCCUUUUAGAGUGU,0,0,0,0,0,0,0,0
hsa-miR-328,   CUGGCCCUCUCUGCCCUUCCGU,0,0,0,0,0,0,0,0
hsa-miR-187,   UCGUGUCUUGUGUUGCAGCCGG,0,0,0,0,0,0,0,0
,*  GGCUACAACACAGGACCCGGGC,0,0,0,0,0,0,0,0
hsa-miR-671,5p AGGAAGCCCUGGAGGGGCUGGAG,0,0,0,0,0,0,0,0
,3p UCCGGUUCUCAGGGCUCCACC,0,0,0,0,0,0,0,0
hsa-miR-487b,   AAUCGUACAGGGUCAUCCACUU,0,0,0,0,0,0,0,0
hsa-miR-651,   UUUAGGAUAAGCUUGACUUUUG,0,0,0,0,0,0,0,0
hsa-miR-890,   UACUUGGAAAGGCAUCAGUUG,0,0,0,0,0,0,0,0
hsa-miR-516a,   UUCUCGAGGAAAGAAGCACUUUC,0,0,0,0,0,0,0,0
hsa-miR-219,5p UGAUUGUCCAAACGCAAUUCU,0,0,0,0,0,0,0,0
,"3p AGAAUUGUGGCUGGACAUCUGU, AGAGUUGAGUCUGGACGUCCCG",0,0,0,0,0,0,0,0
hsa-miR-299,3p UAUGUGGGAUGGUAAACCGCUU,0,0,0,0,0,0,0,0
,5p UGGUUUACCGUCCCACAUACAU,0,0,0,0,0,0,0,0
hsa-miR-330,5p UCUCUGGGCCUGUGUCUUAGGC,0,0,0,0,0,0,0,0
,3p GCAAAGCACACGGCCUGCAGAGA,0,0,0,0,0,0,0,0
hsa-miR-449a,   UGGCAGUGUAUUGUUAGCUGGU,0,0,0,0,0,0,0,0
hsa-miR-369,3p AAUAAUACAUGGUUGAUCUUU,0,0,0,0,0,0,0,0
,5p AGAUCGACCGUGUUAUAUUCGC,0,0,0,0,0,0,0,0
hsa-miR-485,5p AGAGGCUGGCCGUGAUGAAUUC,0,0,0,0,0,0,0,0
,3p GUCAUACACGGCUCUCCUCUCU,0,0,0,0,0,0,0,0
hsa-miR-672,   UGAGGUUGGUGUACUGUGUGUGA,0,0,0,0,0,0,0,0
hsa-miR-216b,   AAAUCUCUGCAGGCAAAUGUGA,0,0,0,0,0,0,0,0
hsa-miR-105,   UCAAAUGCUCAGACUCCUGUGGU,0,0,0,0,0,0,0,0
,*  ACGGAUGUUUGAGCAUGUGCUA,0,0,0,0,0,0,0,0
hsa-miR-551b,   GCGACCCAUACUUGGUUUCAG,0,0,0,0,0,0,0,0
,*  GAAAUCAAGCGUGGGUGAGACC,1,0,0,0,0,0,0,0
hsa-miR-542,5p UCGGGGAUCAUCAUGUCACGAGA,0,0,0,0,0,0,0,0
,3p UGUGACAGAUUGAUAACUGAAA,0,0,0,0,0,1,0,0
hsa-miR-618,   AAACUCUACUUGUCCUUCUGAGU,0,0,0,0,0,0,0,0
hsa-miR-502,   AAUGCACCUGGGCAAGGAUUCA,0,0,0,0,0,0,0,0
hsa-miR-181d,   AACAUUCAUUGUUGUCGGUGGGU,0,0,0,0,0,0,0,0
hsa-miR-382,   GAAGUUGUUCGUGGUGGAUUCG,0,0,0,0,0,0,0,0
hsa-miR-494,   UGAAACAUACACGGGAAACCUC,0,0,0,0,0,0,0,0
hsa-miR-508,3p UGAUUGUAGCCUUUUGGAGUAGA,0,0,0,0,0,0,0,0
,5p UACUCCAGAGGGCGUCACUCAUG,0,0,0,0,0,0,0,0
hsa-miR-450a,   UUUUGCGAUGUGUUCCUAAUAU,1,0,0,0,0,0,0,0
hsa-miR-147b,   GUGUGCGGAAAUGCUUCUGCUA,0,0,0,0,0,0,0,0
hsa-miR-589,   UGAGAACCACGUCUGCUCUGAG,0,0,0,0,0,0,0,0
,*  UCAGAACAAAUGCCGGUUCCCAGA,0,0,0,0,0,0,0,0
hsa-miR-615,3p UCCGAGCCUGGGUCUCCCUCUU,0,0,0,0,0,0,1,0
,5p GGGGGUCCCCGGUGCUCGGAUC,0,0,0,0,1,0,1,0
hsa-miR-876,3p UGGUGGUUUACAAAGUAAUUCA,0,0,0,0,0,0,0,0
,5p UGGAUUUCUUUGUGAAUCACCA,0,0,0,0,0,0,0,0
hsa-miR-624,   CACAAGGUAUUGGUAUUACCU,0,0,0,0,0,0,0,0
,*  UAGUACCAGUACCUUGUGUUCA,0,0,0,0,0,0,0,0
hsa-miR-518a,3p GAAAGCGCUUCCCUUUGCUGGA,0,0,0,0,0,0,0,0
hsa-miR-518a/527,5p CUGCAAAGGGAAGCCCUUUCA,0,0,0,0,0,0,0,0
hsa-miR-576,3p AAGAUGUGGAAAAAUUGGAAUC,0,1,0,0,0,0,0,0
,5p AUUCUAAUUUCUCCACGUCUUU,0,0,0,0,0,0,0,1
hsa-miR-499,5p UUAAGACUUGCAGUGAUGUUU,0,0,0,0,0,0,0,0
,3p AACAUCACAGCAAGUCUGUGCU,0,0,0,0,0,0,0,0
hsa-miR-885,5p UCCAUUACACUACCCUGCCUCU,0,0,0,0,0,0,0,0
,3p AGGCAGCGGGGUGUAGUGGAUA,0,0,0,0,0,0,0,0
hsa-miR-433,   AUCAUGAUGGGCUCCUCGGUGU,0,0,0,0,0,0,0,0
hsa-miR-760,   CGGCUCUGGGUCUGUGGGGA,0,0,0,0,0,0,0,0
hsa-miR-512,   AAGUGCUGUCAUAGCUGAGGUC,0,0,0,0,0,0,0,0
hsa-miR-548d,5p AAAAGUAAUUGUGGUUUUUGCC,0,0,0,0,0,0,0,0
,3p CAAAAACCACAGUUUCUUUUGC,0,0,0,0,0,0,0,0
hsa-miR-133b,   UUUGGUCCCCUUCAACCAGCUA,0,0,0,0,0,0,0,0
hsa-miR-892a,   CACUGUGUCCUUUCUGCGUAG,0,0,0,0,0,0,0,0
hsa-miR-329,   AACACACCUGGUUAACCUCUUU,0,0,0,0,0,0,0,0
hsa-miR-674,5p GCACUGAGAUGGGAGUGGUGUA,0,0,0,0,0,0,0,0
,3p CACAGCUCCCAUCUCAGAACAA,0,0,0,0,0,0,0,0
hsa-miR-495,   AAACAAACAUGGUGCACUUCUU,0,0,0,0,0,0,0,0
hsa-miR-654,3p UAUGUCUGCUGACCAUCACCUU,0,0,0,0,0,0,0,0
,5p UGGUGGGCCGCAGAACAUGUGC,0,0,0,0,0,0,0,0
hsa-miR-655,   AUAAUACAUGGUUAACCUCUUU,0,0,0,0,0,0,0,0
hsa-miR-891b,   UGCAACUUACCUGAGUCAUUGA,0,0,0,0,0,0,0,0
hsa-miR-450b,5p UUUUGCAAUAUGUUCCUGAAUA,0,0,0,0,0,0,0,0
,3p UUGGGAUCAUUUUGCAUCCAUA,0,0,0,0,0,0,0,0
hsa-miR-758,   UUUGUGACCUGGUCCACUAACC,0,0,0,0,0,0,0,0
hsa-miR-323,3p CACAUUACACGGUCGACCUCU,0,0,0,0,0,0,0,0
,5p AGGUGGUCCGUGGCGCGUUCGC,0,0,0,0,0,0,0,0
hsa-miR-889,   UUAAUAUCGGACAACCAUUGU,0,0,0,0,0,0,0,0
hsa-miR-887,   GUGAACGGGCGCCAUCCCGAGG,0,0,0,0,0,0,0,0
hsa-miR-208b,   AUAAGACGAACAAAAGGUUUGU,0,0,0,0,0,0,0,0
hsa-miR-627,   GUGAGUCUCUAAGAAAAGAGGA,0,0,0,0,0,0,0,0
hsa-miR-487a,   AAUCAUACAGGGACAUCCAGUU,0,0,0,0,0,0,0,0
hsa-miR-628,3p UCUAGUAAGAGUGGCAGUCGA,0,0,0,0,0,0,0,0
,5p AUGCUGACAUAUUUACUAGAGG,0,0,0,0,0,0,0,0
hsa-miR-383,   AGAUCAGAAGGUGAUUGUGGCU,0,0,0,0,0,0,0,0
hsa-miR-539,   GGAGAAAUUAUCCUUGGUGUGU,0,0,0,0,0,0,0,0
hsa-miR-520c/520f,3p AAAGUGCUUCCUUUUAGAGGGU,0,0,0,0,0,0,0,0
hsa-miR-518d/520c/526a,5p CUCUAGAGGGAAGCACUUUCUG,0,0,0,0,0,0,0,0
hsa-miR-518d,3p  CAAAGCGCUUCCCUUUGGAGCG,0,0,0,0,0,0,0,0
hsa-miR-548b,3p CAAGAACCUCAGUUGCUUUUGU,0,0,0,0,0,0,0,1
,5p AAAAGUAAUUGUGGUUUUGGCC,0,0,0,0,0,0,0,1
hsa-miR-215,   AUGACCUAUGAAUUGACAGAC,0,0,0,0,0,0,0,0
hsa-miR-520a,   CUCCAGAGGGAAGUACUUUCU,0,0,0,0,0,0,0,0
,*  AAAGUGCUUCCCUUUGGACUGU,0,0,0,0,0,0,0,0
hsa-miR-520d,5p CUACAAAGGGAAGCCCUUUC,0,0,0,0,0,0,0,0
,3p AAAGUGCUUCUCUUUGGUGGGU,0,0,0,0,0,0,0,0
hsa-miR-584,   UUAUGGUUUGCCUGGGACUGAG,0,0,0,0,0,0,0,0
hsa-miR-513,5p UUCACAGGGAGGUGUCAU,0,0,0,0,0,0,0,0
,3p UAAAUUUCACCUUUCUGAGAAGG,0,0,0,0,0,0,0,0
hsa-miR-579,   UUCAUUUGGUAUAAACCGCGAUU,0,0,0,0,0,0,0,0
hsa-miR-498,   UUUCAAGCCAGGGGGCGUUUUUC,0,0,0,0,0,0,0,0
hsa-miR-510,   UACUCAGGAGAGUGGCAAUCAC,0,0,0,0,0,0,0,0
hsa-miR-491,5p AGUGGGGAACCCUUCCAUGAGG,0,0,0,0,0,0,0,0
,3p CUUAUGCAAGAUUCCCUUCUAC,0,0,0,0,0,0,0,0
hsa-miR-550,   AGUGCCUGAGGGAGUAAGAGCCC,0,0,0,0,0,0,0,0
hsa-miR-871,   UAUUCAGAUUAGUGCCAGUCAUG,0,0,0,0,0,0,0,0
hsa-miR-449b,   AGGCAGUGUAUUGUUAGCUGGC,0,0,0,0,0,0,0,0
hsa-miR-556,5p GAUGAGCUCAUUGUAAUAUGAG,0,0,0,0,0,0,0,0
,3p AUAUUACCAUUAGCUCAUCUUU,0,0,0,0,0,0,0,0
hsa-miR-380,   UAUGUAAUAUGGUCCACAUCUU,0,0,0,0,0,0,0,0
,*  AUGGUUGACCAUAGAACAUGCG,0,0,0,0,0,0,0,0
hsa-miR-519e,   AAGUGCCUCCUUUUAGAGUGUU,0,0,0,0,0,0,0,0
hsa-miR-34b,   CAAUCACUAACUCCACUGCCAU,0,0,0,0,0,0,0,0
,*  AGGCAGUGUCAUUAGCUGAUUGU,0,0,0,0,0,0,0,0
hsa-miR-597,   UGUGUCACUCGAUGACCACUGU,0,0,0,0,0,0,0,0
hsa-miR-504,   AGACCCUGGUCUGCACUCUAUC,0,0,0,0,0,0,0,0
hsa-miR-653,   GUGUUGAAACAAUCUCUACUG,0,0,0,0,0,0,0,0
hsa-miR-593,   UGUCUCUGCUGGGGUUUCU,0,0,0,0,0,0,0,0
,*  AGGCACCAGCCAGGCAUUGCUCAGC,0,0,0,0,0,0,0,0
hsa-miR-520g,   ACAAAGUGCUUCCCUUUAGAGUGU,0,0,0,0,0,0,0,0
hsa-miR-616,   AGUCAUUGGAGGGUUUGAGCAG,0,0,0,0,0,0,0,0
,*  ACUCAAAACCCUUCAGUGACUU,0,0,0,0,0,0,0,0
hsa-miR-642,   GUCCCUCUCCAAAUGUGUCUUG,0,0,0,0,0,0,0,0
hsa-miR-875,5p UAUACCUCAGUUUUAUCAGGUG,0,0,0,0,0,0,0,0
,3p CCUGGAAACACUGAGGUUGUG,0,0,0,0,0,0,0,0
hsa-miR-501,5p AAUCCUUUGUCCCUGGGUGAGA,0,0,0,0,0,0,0,0
,3p AAUGCACCCGGGCAAGGAUUCU,0,0,0,0,0,0,0,0
hsa-miR-544,   AUUCUGCAUUUUUAGCAAGUUC,0,0,0,0,0,0,0,0
hsa-miR-507,   UUUUGCACCUUUUGGAGUGAA,0,0,0,0,0,0,0,0
hsa-miR-548a,5p AAAAGUAAUUGCGAGUUUUACC,0,0,0,0,0,0,0,0
,3p CAAAACUGGCAAUUACUUUUGC,0,0,0,0,0,0,0,0
hsa-miR-422a,   ACUGGACUUAGGGUCAGAAGGC,0,0,0,0,0,0,0,0
hsa-miR-489,   GUGACAUCACAUAUACGGCAGC,0,0,0,0,0,0,0,0
hsa-miR-561,   CAAAGUUUAAGAUCCUUGAAGU,0,0,0,0,0,0,0,0
hsa-miR-598,   UACGUCAUCGUUGUCAUCGUCA,0,0,0,0,0,0,0,0
hsa-miR-453,   AGGUUGUCCGUGGUGAGUUCGCA,0,0,0,0,0,0,0,0
hsa-miR-636,   UGUGCUUGCUCGUCCCGCCCGCA,0,0,0,0,0,0,0,0
hsa-miR-541,   UGGUGGGCACAGAAUCUGGACU,0,0,0,0,0,0,0,0
,*  AAAGGAUUCUGCUGUCGGUCCCACU,0,0,0,0,0,0,0,0
hsa-miR-198,   GGUCCAGAGGGGAGAUAGGUUC,0,0,0,0,0,0,0,0
hsa-miR-496,   UGAGUAUUACAUGGCCAAUCUCU,0,0,0,0,0,0,0,0
hsa-miR-552,*  AACAGGUGACUGGUUAGACAA,0,0,0,0,0,0,0,0
hsa-miR-566,   GGGCGCCUGUGAUCCCAAC,0,0,0,0,0,0,0,0
hsa-miR-649,*  AAACCUGUGUUGUUCAAGAGUC,0,0,0,0,0,0,0,0
hsa-miR-555,*  AGGGUAAGCUGAACCUCUGAU,0,0,0,0,0,0,0,0
hsa-miR-492,   AGGACCUGCGGGACAAGAUUCUU,0,0,0,0,0,0,0,0
hsa-miR-638,   AGGGAUCGCGGGCGGGUGGCGGCCU,0,0,0,0,0,0,0,0
hsa-miR-412,*  UUCACCUGGUCCACUAGCCG,0,0,0,0,0,0,0,0
hsa-miR-588,   UUGGCCACAAUGGGUUAGAAC,0,0,0,0,0,0,0,0
hsa-miR-650,   AGGAGGCAGCGCUCUCAGGAC,0,0,0,0,0,0,0,0
hsa-miR-640,*  AUGAUCCAGGAACCUGCCUCU,0,0,0,0,0,0,0,0
hsa-miR-596,   AAGCCUGCCCGGCUCCUCGGG,0,0,0,0,0,0,0,0
hsa-miR-619,*  GACCUGGACAUGUUUGUGCCCAGU,0,0,0,0,0,0,0,0
hsa-miR-543,*  AAACAUUCGCGGUGCACUUCUU,0,0,0,0,0,0,0,0
hsa-miR-643,*  ACUUGUAUGCUAGCUCAGGUAG,0,0,0,0,0,0,0,0
hsa-miR-603,*  CACACACUGCAAUUACUUUUGC,0,0,0,0,0,0,0,0
hsa-miR-602,   GACACGGGCGACAGCUGCGGCCC,0,0,0,0,0,0,0,0
hsa-miR-563,*  AGGUUGACAUACGUUUCCC,0,0,0,0,0,0,0,0
hsa-miR-558,*  UGAGCUGCUGUACCAAAAU,0,0,0,0,0,0,0,0
hsa-miR-661,*  UGCCUGGGUCUCUGGCCUGCGCGU,0,0,0,0,0,0,0,0
hsa-miR-770,   AGUACCACGUGUCAGGGCCACA,0,0,0,0,0,0,0,0
,*  CGUGGGCCUGAUGUGGUGCUGG,0,0,0,0,0,0,0,0
hsa-miR-609,   AGGGUGUUUCUCUCAUCUCU,0,0,0,0,0,0,0,0
hsa-miR-657,*  GGCAGGUUCUCACCCUCUCUAGG,0,0,0,0,0,0,0,0
hsa-miR-520h,*  AAAGUGCUUCCCUUUAGAGUUA,0,0,0,0,0,0,0,0
hsa-miR-511,   GUGUCUUUUGCUCUGCAGUCA,0,0,0,0,0,0,0,0
hsa-miR-595,*  GAAGUGUGCCGUGGUGUGUCU,0,0,0,0,0,0,0,0
hsa-miR-569,*  AGUUAAUGAAUCCUGGAAAGU,0,0,0,0,0,0,0,0
hsa-miR-613,*  AGGAAUGUUCCUUCUUUGCC,0,0,0,0,0,0,0,0
hsa-miR-802,   UCAGUAACAAAGAUUCAUCCUU,0,0,0,0,0,0,0,0
hsa-miR-583,   CAAAGAGGAAGGUCCCAUUAC,0,0,0,0,0,0,0,0
hsa-miR-220,   CCACACCGUAUCUGACACUUU,0,0,0,0,0,0,0,0
hsa-miR-147a,*  GUGUGUGGAAAUGCUUCUGCUA,0,0,0,0,0,0,0,0
hsa-miR-384,   UUUAAACAAUUCCUAGACAAUAU,0,0,0,0,0,0,0,0
,*  AUUCCUAGAAAUUGUUCAUAAU,0,0,0,0,0,0,0,0
hsa-miR-611,*  GCGAGGACCCCUCGGGGUCUGAC,0,0,0,0,0,0,0,0
hsa-miR-573,   CUGAAGUGAUGUGUAACUGAUCAG,0,0,0,0,0,0,0,0
hsa-miR-575,*  GAGCCAGUUGGACAGGAGC,0,0,0,0,0,0,0,0
hsa-miR-553,   AAAACGGUGAGAUUUUGUUUU,0,0,0,0,0,0,0,0
hsa-miR-658,*  GGCGGAGGGAAGUAGGUCCGUUGGU,0,0,0,0,0,0,0,0
hsa-miR-604,*  AGGCUGCGGAAUUCAGGAC,0,0,0,0,0,0,0,0
hsa-miR-637,*  ACUGGGGGCUUUCGGGCUCUGCGU,0,0,0,0,0,0,0,0
hsa-miR-580,*  UUGAGAAUGAUGAAUCAUUAGG,0,0,0,0,0,0,0,0
hsa-miR-564,   AGGCACGGUGUCAGCAGGC,0,0,0,0,0,0,0,0
hsa-miR-610,   UGAGCUAAAUGUGUGCUGGGA,0,0,0,0,0,0,0,0
hsa-miR-633,*  CUAAUAGUAUCUACCACAAUAAA,0,0,0,0,0,0,0,0
hsa-miR-562,*  AAAGUAGCUGUACCAUUUGC,0,0,0,0,0,0,0,0
hsa-miR-614,*  GAACGCCUGUUCUUGCCAGGUGG,0,0,0,0,0,0,0,0
hsa-miR-325,   CCUAGUAGGUGUCCAGUAAGUGU,0,0,0,0,0,0,0,0
,*  UUUAUUGAGGACCUCCUAUCAA,0,0,0,0,0,0,0,0
hsa-miR-634,*  AACCAGCACCCCAACUUUGGAC,0,0,0,0,0,0,0,0
hsa-miR-644,*  AGUGUGGCUUUCUUAGAGC,0,0,0,0,0,0,0,0
hsa-miR-586,   UAUGCAUUGUAUUUUUAGGUCC,0,0,0,0,0,0,0,0
hsa-miR-600,*  ACUUACAGACAAGAGCCUUGCUC,0,0,0,0,0,0,0,0
hsa-miR-630,*  AGUAUUCUGUACCAGGGAAGGU,0,0,0,0,0,0,0,0
hsa-miR-298,   AGCAGAAGCAGGGAGGUUCUCCCA,0,0,0,0,0,0,0,0
hsa-miR-622,*  ACAGUCUGCUGAGGUUGGAGC,0,0,0,0,0,0,0,0
hsa-miR-220b,   CCACCACCGUGUCUGACACUU,0,0,0,0,0,0,0,0
hsa-miR-626,*  AGCUGUCUGAAAAUGUCUU,0,0,0,0,0,0,0,0
hsa-miR-659,*  CUUGGUUCAGGGAGGGUCCCCA,0,0,0,0,0,0,0,0
hsa-miR-585,*  UGGGCGUAUCUGUAUGCUA,0,0,0,0,0,0,0,0
hsa-miR-639,*  AUCGCUGCGGUUGCGAGCGCUGU,0,0,0,0,0,0,0,0
hsa-miR-568,   AUGUAUAAAUGUAUACACAC,0,0,0,0,0,0,0,0
hsa-miR-617,   AGACUUCCCAUUUGAAGGUGGC,0,0,0,0,0,0,0,0
hsa-miR-220c,   ACACAGGGCUGUUGUGAAGACU,0,0,0,0,0,0,0,0
hsa-miR-211,   UUCCCUUUGUCAUCCUUCGCCU,0,0,0,0,0,0,0,0
hsa-miR-623,   AUCCCUUGCAGGGGCUGUUGGGU,0,0,0,0,0,0,0,0
hsa-miR-641,   AAAGACAUAGGAUAGAGUCACCUC,0,0,0,0,0,0,0,0
hsa-miR-557,*  GUUUGCACGGGUGGGCCUUGUCU,0,0,0,0,0,0,0,0
hsa-miR-212,*  UAACAGUCUCCAGUCACGGCCA,0,0,0,0,0,0,0,0
hsa-miR-645,*  UCUAGGCUGGUACUGCUGA,0,0,0,0,0,0,0,0
hsa-miR-632,*  GUGUCUGCUUCCUGUGGGA,0,0,0,0,0,0,0,0
hsa-miR-567,   AGUAUGUUCUUCCAGGACAGAAC,0,0,0,0,0,0,0,0
hsa-miR-605,   UAAAUCCCAUGGUGCCUUCUCCU,0,0,0,0,0,0,0,0
hsa-miR-208,*  AUAAGACGAGCAAAAAGCUUGU,0,0,0,0,0,0,0,0
hsa-miR-448,*  UUGCAUAUGUAGGAUGUCCCAU,0,0,0,0,0,0,0,0
hsa-miR-621,*  GGCUAGCAACAGCGCUUACCU,0,0,0,0,0,0,0,0
hsa-miR-648,   AAGUGUGCAGGGCACUGGU,0,0,0,0,0,0,0,0
hsa-miR-592,   UUGUGUCAAUAUGCGAUGAUGU,0,0,0,0,0,0,0,0
hsa-miR-190b,   UGAUAUGUUUGAUAUUGGGUU,0,0,0,0,0,0,0,0
hsa-miR-520e,*  AAAGUGCUUCCUUUUUGAGGGU,0,0,0,0,0,0,0,0
hsa-miR-607,*  GUUCAAAUCCAGAUCUAUAAC,0,0,0,0,0,0,0,0
hsa-miR-577,   UAGAUAAAAUAUUGGUACCUG,0,0,0,0,0,0,0,0
hsa-miR-587,   UUUCCAUAGGUGAUGAGUCAC,0,0,0,0,0,0,0,0
hsa-miR-506,*  UAAGGCACCCUUCUGAGUAGA,0,0,0,0,0,0,0,0
hsa-miR-631,   AGACCUGGCCCAGACCUCAGC,0,0,0,0,0,0,0,0
hsa-miR-572,*  GUCCGCUCGGCGGUGGCCCA,0,0,0,0,0,0,0,0
hsa-miR-578,*  CUUCUUGUGCUCUAGGAUUGU,0,0,0,0,0,0,0,0
hsa-miR-300,*  UAUACAAGGGCAGACUCUCUCU,0,0,0,0,0,0,0,0
hsa-miR-591,   AGACCAUGGGUUCUCAUUGU,0,0,0,0,0,0,0,0
hsa-miR-549,*  UGACAACUAUGGAUGAGCUCU,0,0,0,0,0,0,0,0
hsa-miR-601,   UGGUCUAGGAUUGUUGGAGGAG,0,0,0,0,0,0,0,0
hsa-miR-581,   UCUUGUGUUCUCUAGAUCAGU,0,0,0,0,0,0,0,0
hsa-miR-647,   GUGGCUGCACUCACUUCCUUC,0,0,0,0,0,0,0,0
hsa-miR-559,   UAAAGUAAAUAUGCACCAAAA,0,0,0,0,0,0,0,0
hsa-miR-551a,*  GCGACCCACUCUUGGUUUCCA,0,0,0,0,0,0,0,0
hsa-miR-662,*  UCCCACGUUGUGGCCCAGCAG,0,0,0,0,0,0,0,0
hsa-miR-635,   ACUUGGGCACUGAAACAAUGUCC,0,0,0,0,0,0,0,0
hsa-miR-571,*  UGAGUUGGCCAUCUGAGUGAG,0,0,0,0,0,0,0,0
hsa-miR-606,*  AAACUACUGAAAAUCAAAGAU,0,0,0,0,0,0,0,0
hsa-miR-346,   UGUCUGCCCGCAUGCCUGCCUCU,0,0,0,0,0,0,0,0
hsa-miR-554,   GCUAGUCCUGACUCAGCCAGU,0,0,0,0,0,0,0,0
hsa-miR-646,*  AAGCAGCUGCCUCUGAGGC,0,0,0,0,0,0,0,0
hsa-miR-656,*  AAUAUUAUACAGUCAACCUCU,0,0,0,0,0,0,0,0
hsa-miR-612,   GCUGGGCAGGGCUUCUGAGCUCCUU,0,0,0,0,0,0,0,0
hsa-miR-608,   AGGGGUGGUGUUGGGACAGCUCCGU,0,0,0,0,0,0,0,0
hsa-miR-620,*  AUGGAGAUAGAUAUAGAAAU,0,0,0,0,0,0,0,0
ebv-miR-BHRF1,"5p UAACGGGAAGUGUGUAAGCACA, AAAUUCUGUUGCAGCAGAUAGC, UAACCUGAUCAGCCCCGGAGUU",0,0,0,0,0,0,0,0
,3p UAUCUUUUGCGGCAGAAAUUGA,0,0,0,1,0,0,0,0
ebv-miR-BART8,   UACGGUUUCCUAGAUUGUACAG,0,0,0,0,0,0,0,0
,*  GUCACAAUCUAUGGGGUCGUAGA,0,0,0,0,0,0,0,0
ebv-miR-BART6,5p UAAGGUUGGUCCAAUCCAUAGG,0,0,0,0,0,0,0,0
,3p CGGGGAUCGGACUAGCCUUAGA,0,0,0,0,0,0,0,0
ebv-miR-BART3,   CGCACCACUAGUCACCAGGUGU,0,0,0,0,0,0,0,0
,*  ACCUAGUGUUAGUGUUGUGCU,0,0,0,0,0,0,0,0
hcmv-miR-UL22A,   UAACUAGCCUUCCCGUGAGA,0,0,0,0,0,0,0,0
,*  UCACCAGAAUGCUAGUUUGUAG,0,0,0,0,0,0,0,0
ebv-miR-BART7,   CAUCAUAGUCCAGUGUCCAGGG,0,0,0,0,0,0,0,0
,*  CCUGGACCUUGACUAUGAAACA,0,0,0,0,0,0,0,0
kshv-miR-K12,"3p UAGAAUACUGAGGCCUAGCUGA, CUGGGUAUACGCAGCUGCGUAA, UGAUGGUUUUCGGGCUGUUGAG, UGAUCCCAUGUUGCUGGCGCU, UCGCGGUCACAGAAUGUGACA, UAGGAUGCCUGGAACUUGCCGG, UUAAUGCUUAGCCUGUGUCCGA, UAGGCGCGACUGAGAGAGCACG",0,0,0,0,0,0,0,0
,"5p AGCUAAACCGCAGUACUCUAGG, ACCCAGCUGCGUAAACCCCGCU, CCAGCAGCACCUAAUCCAUCGG, AUUACAGGAAACUGGGUGUAAGC, UCACAUUCUGAGGACGGCAGCGA, ACCAGGCCACCAUUCCUCUCCG, AACUGUAGUCCGGGUCGAUCUG",0,0,0,0,0,0,0,0
ebv-miR-BART16,   UUAGAUAGAGUGGGUGUGUGCUCU,0,0,0,0,0,0,0,0
ebv-miR-BART11,3p ACGCACACCAGGCUGACUGCC,0,0,0,0,0,0,0,0
,5p UCAGACAGUUUGGUGCGCUAGUUG,0,0,0,0,0,0,0,0
ebv-miR-BART9,   UAACACUUCAUGGGUCCCGUAGU,0,0,0,0,0,0,0,0
,*  UACUGGACCCUGAAUUGGAAAC,0,0,0,0,0,0,0,0
ebv-miR-BART17,5p UAAGAGGACGCAGGCAUACAAG,0,0,0,0,0,0,0,0
,3p UGUAUGCCUGGUGUCCCCUUAGU,0,0,0,0,0,0,0,0
hcmv-miR-US5,"   UUAUGAUAGGUGUGACGAUGUC, UGACAAGCCUGACGAGAGCGU",0,0,0,0,0,0,0,0
hcmv-miR-US25,"   AACCGCUCAGUGGCUCGGACC, AGCGGUCUGUUCAGGUGGAUGA",0,0,0,0,0,0,0,0
,"*  UCCGAACGCUAGGUCGGUUCUC, AUCCACUUGGAGAGCUCCCGCGG",0,0,0,0,0,0,0,0
ebv-miR-BART1,5p UCUUAGUGGAAGUGACGUGCUGUG,0,0,0,0,0,0,0,0
,3p UAGCACCGCUAUCCACUAUGUC,0,0,0,0,0,0,0,0
ebv-miR-BART10,   UACAUAACCAUGGAGUUGGCUGU,0,0,0,0,0,0,0,0
,*  GCCACCUCUUUGGUUCUGUACA,0,0,0,0,0,0,0,0
ebv-miR-BART19,3p UUUUGUUUGCUUGGGAAUGCU,0,0,0,0,0,0,0,0
,5p ACAUUCCCCGCAAACAUGACAUG,0,0,0,0,0,0,0,0
ebv-miR-BART5,   CAAGGUGAAUAUAGCUGCCCAUCG,0,0,0,0,0,0,0,0
ebv-miR-BART13,   UGUAACUUGCCAGGGACGGCUGA,0,0,0,0,0,0,0,0
,*  AACCGGCUCGUGGCUCGUACAG,0,0,0,0,0,0,0,0
kshv-miR-K12-10b,   UGGUGUUGUCCCCCCGAGUGGC,0,0,0,0,0,0,0,0
ebv-miR-BART15,   GUCAGUGGUUUUGUUUCCUUGA,0,0,0,0,0,0,0,0
kshv-miR-K12-10a,   UAGUGUUGUCCCCCCGAGUGGC,0,0,0,0,0,0,0,0
ebv-miR-BART2,5p UAUUUUCUGCAUUCGCCCUUGC,0,0,0,0,0,0,0,0
,3p AAGGAGCGAUUUGGAGAAAAUAAA,0,0,0,0,0,0,0,0
ebv-miR-BART4,   GACCUGAUGCUGCUGGUGUGCU,0,0,0,0,0,0,0,0
hcmv-miR-UL112,   AAGUGACGGUGAGAUCCAGGCU,0,0,0,0,0,0,0,0
ebv-miR-BART14,   UAAAUGCUGCAGUAGUAGGGAU,0,0,0,0,0,0,0,0
,*  UACCCUACGCUGCCGAUUUACA,0,0,0,0,0,0,0,0
rlcv-miR-rL1,"   UAGCACCGCUAUCCACUAUGUC, CGCACCUCGCCGUCUCUACUGCU, UAGUGCGCCGGUGACCUGAUAG, CAUGAAACACAUGGCCUGUUCC, AACGGUGCAUGGACUGGCUAGA, GAUCAUAGCCAGUGUCCAGGGA, CGCACCACUUUUCACUAGGUGU, UCCUGUAGAGUAUGGGUGUGGUUU, UAUCUUUUGCGGGGGAAUUUCCA, UCGAUGCAUGGUCCCCCCUUAGU, CACCACACGAUCCACUAGGUCU, UGACACUCGAUAGGAUACGGGG, UCGCACAUCAGGCUGAACGAC",0,0,0,0,0,0,0,0
,"*  UUUAGUGGAAGUGACGUGCUGUG, AAGGUGAAUAUAGCUGCCCAUA, UAACCUGAUCAGCCCCGGGGUU, AGCAGGCAUGUCUUCAUUCC, AGACCAGACCAUGCACAGUGGG, AACCUAGUGCCGGUGAUGUGCU, CGAGGUAAACAUCGGCUUACUG, ACCUAGUAAUUGUGCGGUGUU, UCGGACGGUCUGGUGCGCUUGAU",0,0,0,0,0,0,0,0
ebv-miR-BART12,   UCCUGUGGUGUUUGGUGUGGUU,0,0,0,0,0,0,0,0
hcmv-miR-UL36,   UCGUUGAAGACACCUGGAAAGA,0,0,0,0,0,0,0,0
,*  UUUCCAGGUGUUUUCAACGUGC,0,0,0,0,0,0,0,0
ebv-miR-BART18,5p UCAAGUUCGCACUUCCUAUACA,0,0,0,0,0,0,0,0
,3p UAUCGGAAGUUUGGGCUUCGUC,0,0,0,0,0,0,0,0
ebv-miR-BART20,5p UAGCAGGCAUGUCUUCAUUCC,0,0,0,0,0,0,0,0
,3p CAUGAAGGCACAGCCUGUUACC,0,0,0,0,0,0,0,0
hcmv-miR-UL148D,   UCGUCCUCCCCUUCUUCACCG,0,0,0,0,0,0,0,0
hcmv-miR-US33,5p GAUUGUGCCCGGACCGUGGGCG,0,0,0,0,0,0,0,0
,3p UCACGGUCCGAGCACAUCCA,0,0,0,0,0,0,0,0
mghv-miR-M1,"3p UAGAAAUGGCCGUACUUCCUUU, GAUAUCGCGCCCACCUUUAUU, UCACAUUUGCCUGGACCUUUUU, CAGACCCCCUCUCCCCCUCUUU, GAGGUGAGCAGGAGUUGCGCUU, UGAAACUGUGUGAGGUGGUUUU",0,0,0,0,0,0,0,0
,"5p AAAGGUGGAGGUGCGGUAACCU, AGAGUUGAGAUCGGGUCGUCUC, UCGAGGAGCACGUGUUAUUCUA, AGCACUCACUGGGGGUUUGGUC",0,0,0,0,0,0,1,0
hcmv-miR-US4,   CGACAUGGACGUGCAGGGGGAU,0,0,0,0,0,0,0,0
hcmv-miR-UL70,   UGCGUCUCGGCCUCGUCCAGA,0,0,0,0,0,0,0,0
,*  GGGGAUGGGCUGGCGCGCGG,0,0,0,0,0,0,0,0
