miRNA,Genes,Mostmatchedsequence,hsa_LungadenocA549mock,hsa_KidneyembryoHEK293
hsa-miR-142-5p,1,CAUAAAGUAGAAAGCACUACU,0,0
hsa-miR-142-3p,0,UGUAGUGUUUCCUACUUUAUGGA,0,0
hsa-miR-16-5p,2,UAGCAGCACGUAAAUAUUGGCG,53,15
hsa-miR-16-3p,0,CCAGUAUUAACUGUGCUGCUGA,0,0
hsa-miR-21-5p,1,UAGCUUAUCAGACUGAUGUUGA,144,0
hsa-miR-21-3p,0,CAACACCAGUCGAUGGGCUGU,0,0
hsa-miR-15a-5p,1,UAGCAGCACAUAAUGGUUUGUG,14,21
hsa-miR-15a-3p,0,CAGGCCAUAUUGUGCUGCCUCA,0,0
hsa-miR-29b-5p,2,UAGCACCAUUUGAAAUCAGUGUU,17,1
hsa-miR-29b-3p,0,CUGGUUUCACAUGGUGGCUUAG,2,0
hsa-let-7a-5p,3,UGAGGUAGUAGGUUGUAUAGUU,59,0
hsa-let-7a-3p,0,CUAUACAAUCUACUGUCUUUCU,0,0
hsa-miR-126-5p,1,UCGUACCGUGAGUAAUAAUGCG,4,0
hsa-miR-126-3p,0,CAUUAUUACUUUUGGUACGCG,5,0
hsa-miR-143-5p,1,UGAGAUGAAGCACUGUAGCUCU,0,0
hsa-miR-143-3p,0,GGUGCAGUGCUGCAUCUCUGGU,0,0
hsa-let-7b-5p,1,UGAGGUAGUAGGUUGUGUGGUU,35,0
hsa-let-7b-3p,0,CUAUACAACCUACUGCCUUCCC,0,0
hsa-miR-27a-5p,1,UUCACAGUGGCUAAGUUCCGC,16.5,0
hsa-miR-27a-3p,0,AGGGCUUAGCUGCUUGUGAGCA,0,0
hsa-let-7f-5p,2,UGAGGUAGUAGAUUGUAUAGUU,61,0
hsa-let-7f-3p,0,CUAUACAGUCUACUGUCUUUCC,0,0
hsa-miR-9-5p,3,UCUUUGGUUAUCUAGCUGUAUGA,1,0
hsa-miR-9-3p,0,AUAAAGCUAGAUAACCGAAAGU,0,0
hsa-miR-26a-5p,2,UUCAAGUAAUCCAGGAUAGGCU,5,0
hsa-miR-26a-3p,0,CCUAUUCUUGAUUACUUGUUUC,0,0
hsa-miR-24-5p,2,UGGCUCAGUUCAGCAGGAACAG,23,1
hsa-miR-24-3p,0,UGCCUACUGAGCUGAUAUCAGU,0,0
hsa-miR-30e-5p,1,UGUAAACAUCCUUGACUGGAAG,4,1
hsa-miR-30e-3p,0,CUUUCAGUCGGAUGUUUACAGC,0,0
hsa-miR-181a-5p,2,AACAUUCAACGCUGUCGGUGAGU,1,0
hsa-miR-181a-3p,0,ACCACUGACCGUUGACUGUACC,0,0
hsa-miR-29a-5p,1,UAGCACCAUCUGAAAUCGGUUA,7,0
hsa-miR-29a-3p,0,ACUGAUUUCUUUUGGUGUUCAG,0,0
hsa-miR-124-5p,3,UAAGGCACGCGGUGAAUGCC,0,0
hsa-miR-124-3p,0,CGUGUUCACAGCGGACCUUGAU,0,0
hsa-miR-144-5p,1,UACAGUAUAGAUGAUGUACU,0,0
hsa-miR-144-3p,0,GGAUAUCAUCAUAUACUGUAAG,0,0
hsa-miR-30d-5p,1,UGUAAACAUCCCCGACUGGAAG,3,2
hsa-miR-30d-3p,0,CUUUCAGUCAGAUGUUUGCUGC,0,0
hsa-miR-19b-5p,2,UGUGCAAAUCCAUGCAAAACUGA,1,14
hsa-miR-19b-3p,0,AGUUUUGCAGGUUUGCAUUUCA,0,0
hsa-miR-22-5p,1,AAGCUGCCAGUUGAAGAACUGU,0,0
hsa-miR-22-3p,0,AGUUCUUCAGUGGCAAGCUUUA,0,0
hsa-miR-122-5p,1,UGGAGUGUGACAAUGGUGUUUG,0,0
hsa-miR-122-3p,0,AACGCCAUUAUCACACUAAAUA,0,0
hsa-miR-150-5p,1,UCUCCCAACCCUUGUACCAGUG,0,0
hsa-miR-150-3p,0,CUGGUACAGGCCUGGGGGACAG,0,0
hsa-miR-32-5p,1,UAUUGCACAUUACUAAGUUGCA,16,1
hsa-miR-32-3p,0,CAAUUUAGUGUGUGUGAUAUUU,0,0
hsa-miR-155-5p,1,UUAAUGCUAAUCGUGAUAGGGGU,0,0
hsa-miR-155-3p,0,CUCCUACAUAUUAGCAUUAACA,0,0
hsa-miR-140-5p,1,CAGUGGUUUUACCCUAUGGUAG,8,1
hsa-miR-140-3p,0,UACCACAGGGUAGAACCACGG,0,0
hsa-miR-125b-5p,2,UCCCUGAGACCCUAACUUGUGA,2,0
hsa-miR-125b-3p,0,ACGGGUUAGGCUCUUGGGAGCU,0,0
hsa-miR-99b-5p,1,CACCCGUAGAACCGACCUUGCG,8,0
hsa-miR-99b-3p,0,CAAGCUCGUGUCUGUGGGUCCG,0,0
hsa-miR-141-5p,1,UAACACUGUCUGGUAAAGAUGG,0,0
hsa-miR-141-3p,0,CAUCUUCCAGUACAGUGUUGGA,0,0
hsa-miR-92a-5p,2,UAUUGCACUUGUCCCGGCCUGU,5,2
hsa-miR-92a-3p,0,AGGUUGGGAUCGGUUGCAAUGCU,0,0
hsa-miR-424-5p,1,CAGCAGCAAUUCAUGUUUUGAA,7,0
hsa-miR-424-3p,0,CAAAACGUGAGGCGCUGCUAU,0,0
hsa-miR-191-5p,1,CAACGGAAUCCCAAAAGCAGCUG,7,3
hsa-miR-191-3p,0,GCUGCGCUUGGAUUUCGUCCCC,0,0
hsa-miR-17-5p,1,CAAAGUGCUUACAGUGCAGGUAG,3,9
hsa-miR-17-3p,0,ACUGCAGUGAAGGCACUUGUAG,0,0
hsa-miR-130a-5p,1,CAGUGCAAUGUUAAAAGGGCAU,6,0
hsa-miR-130a-3p,0,UUCACAUUGUGCUACUGUCUGC,0,0
hsa-miR-20a-5p,1,UAAAGUGCUUAUAGUGCAGGUAG,3,3
hsa-miR-20a-3p,0,ACUGCAUUAUGAGCACUUAAAG,0,0
hsa-miR-27b-5p,1,UUCACAGUGGCUAAGUUCUGC,28.5,0
hsa-miR-27b-3p,0,AGAGCUUAGCUGAUUGGUGAAC,0,0
hsa-miR-26b-5p,1,UUCAAGUAAUUCAGGAUAGGU,3,0
hsa-miR-26b-3p,0,CCUGUUCUCCAUUACUUGGCUC,0,0
hsa-miR-146a-5p,1,UGAGAACUGAAUUCCAUGGGUU,0,0
hsa-miR-146a-3p,0,CCUCUGAAAUUCAGUUCUUCAG,0,0
hsa-miR-200c-5p,1,UAAUACUGCCGGGUAAUGAUGGA,0,0
hsa-miR-200c-3p,0,CGUCUUACCCAGCAGUGUUUGG,0,0
hsa-miR-99a-5p,1,AACCCGUAGAUCCGAUCUUGUG,1,2
hsa-miR-99a-3p,0,CAAGCUCGCUUCUAUGGGUCUG,0,0
hsa-miR-19a-5p,1,UGUGCAAAUCUAUGCAAAACUGA,9,3
hsa-miR-19a-3p,0,AGUUUUGCAUAGUUGCACUACA,0,0
hsa-miR-23a-5p,1,AUCACAUUGCCAGGGAUUUCC,8,0
hsa-miR-23a-3p,0,GGGGUUCCUGGGGAUGGGAUUU,0,0
hsa-miR-30a-5p,1,UGUAAACAUCCUCGACUGGAAG,11,1
hsa-miR-30a-3p,0,CUUUCAGUCGGAUGUUUGCAGC,1,0
hsa-let-7i-5p,1,UGAGGUAGUAGUUUGUGCUGUU,25,0
hsa-let-7i-3p,0,CUGCGCAAGCUACUGCCUUGCU,0,0
hsa-miR-93-5p,1,CAAAGUGCUGUUCGUGCAGGUAG,4,3
hsa-miR-93-3p,0,ACUGCUGAGCUAGCACUUCCCG,0,0
hsa-let-7c-5p,1,UGAGGUAGUAGGUUGUAUGGUU,3,0
hsa-let-7c-3p,0,UAGAGUUACACCCUGGGAGUUA,0,0
hsa-miR-106b-5p,1,UAAAGUGCUGACAGUGCAGAU,2,1
hsa-miR-106b-3p,0,CCGCACUGUGGGUACUUGCUGC,0,0
hsa-miR-101-5p,2,UACAGUACUGUGAUAACUGAA,1,0
hsa-miR-101-3p,0,CAGUUAUCACAGUGCUGAUGCU,0,0
hsa-let-7g-5p,1,UGAGGUAGUAGUUUGUACAGUU,0,0
hsa-let-7g-3p,0,CUGUACAGGCCACUGCCUUGCU,0,0
hsa-miR-425-5p,1,AAUGACACGAUCACUCCCGUUGA,3,0
hsa-miR-425-3p,0,AUCGGGAAUGUCGUGUCCGCCC,0,0
hsa-miR-15b-5p,1,UAGCAGCACAUCAUGGUUUACA,6,1
hsa-miR-15b-3p,0,CGAAUCAUUAUUUGCUGCUCUA,0,0
hsa-miR-28-5p,1,AAGGAGCUCACAGUCUAUUGAG,2,0
hsa-miR-28-3p,0,CACUAGAUUGUGAGCUCCUGGA,1,0
hsa-miR-18a-5p,1,UAAGGUGCAUCUAGUGCAGAUAG,1,17
hsa-miR-18a-3p,0,ACUGCCCUAAGUGCUCCUUCUGG,1,0
hsa-miR-451,1,AAACCGUUACCAUUACUGAGUU,0,0
hsa-miR-25-5p,1,CAUUGCACUUGUCUCGGUCUGA,3,0
hsa-miR-25-3p,0,AGGCGGAGACUUGGGCAAUUG,0,0
hsa-miR-23b,1,AUCACAUUGCCAGGGAUUACC,12,0
hsa-miR-302a-5p,1,UAAGUGCUUCCAUGUUUUGGUGA,0,0
hsa-miR-302a-3p,0,ACUUAAACGUGGAUGUACUUGCU,0,0
hsa-miR-186-5p,1,CAAAGAAUUCUCCUUUUGGGCU,3,1
hsa-miR-186-3p,0,GCCCAAAGGUGAAUUUUUUGGG,0,0
hsa-miR-29c-5p,1,UAGCACCAUUUGAAAUCGGUUA,1,0
hsa-miR-29c-3p,0,UGACCGAUUUCUCCUGGUGUUC,0,0
hsa-miR-7-5p,3,UGGAAGACUAGUGAUUUUGUUGU,2,0
hsa-miR-7-3p,0,CAACAAAUCCCAGUCUACCUAA,0,0
hsa-let-7d-5p,1,AGAGGUAGUAGGUUGCAUAGUU,5,0
hsa-let-7d-3p,0,CUAUACGACCUGCUGCCUUUCU,0,0
hsa-miR-30c-5p,2,UGUAAACAUCCUACACUCUCAGC,1,0
hsa-miR-30c-3p,0,CUGGGAGAAGGCUGUUUACUCU,0,0
hsa-miR-181b,2,AACAUUCAUUGCUGUCGGUGGGU,2,0
hsa-miR-223-5p,1,UGUCAGUUUGUCAAAUACCCCA,0,0
hsa-miR-223-3p,0,CGUGUAUUUGACAAGCUGAGUU,0,0
hsa-miR-320,1,AAAAGCUGGGUUGAGAGGGCGA,0,0
hsa-miR-374a-5p,1,UUAUAAUACAACCUGAUAAGUG,9,0
hsa-miR-374a-3p,0,CUUAUCAGAUUGUAUUGUAAUU,0,0
hsa-let-7e-5p,1,UGAGGUAGGAGGUUGUAUAGUU,15,0
hsa-let-7e-3p,0,CUAUACGGCCUCCUAGCUUUCC,0,0
hsa-miR-151-5p,1,UCGAGGAGCUCACAGUCUAGU,3,0
hsa-miR-151-3p,0,CUAGACUGAAGCUCCUUGAGG,1,0
hsa-miR-374b-5p,1,AUAUAAUACAACCUGCUAAGUG,4,0
hsa-miR-374b-3p,0,CUUAGCAGGUUGUAUUAUCAUU,0,0
hsa-miR-367-5p,1,AAUUGCACUUUAGCAAUGGUGA,0,0
hsa-miR-367-3p,0,ACUGUUGCUAAUAUGCAACUCU,0,0
hsa-miR-196b,1,UAGGUAGUUUCCUGUUGUUGGG,0,3
hsa-miR-100-5p,1,AACCCGUAGAUCCGAACUUGUG,2,0
hsa-miR-100-3p,0,CAAGCUUGUAUCUAUAGGUAUG,0,0
hsa-miR-103,2,AGCAGCAUUGUACAGGGCUAUGA,1,0
hsa-miR-96-5p,1,UUUGGCACUAGCACAUUUUUGCU,1,0
hsa-miR-96-3p,0,AAUCAUGUGCAGUGCCAAUAUG,0,0
hsa-miR-302b-5p,1,UAAGUGCUUCCAUGUUUUAGUAG,0,0
hsa-miR-302b-3p,0,ACUUUAACAUGGAAGUGCUUUC,0,0
hsa-miR-194-5p,2,UGUAACAGCAACUCCAUGUGGA,6,0
hsa-miR-194-3p,0,CCAGUGGGGCUGCUGUUAUCUG,0,0
hsa-miR-125a-5p,1,UCCCUGAGACCCUUUAACCUGUGA,2,0
hsa-miR-125a-3p,0,ACAGGUGAGGUUCUUGGGAGCC,0,0
hsa-miR-423-5p,1,UGAGGGGCAGAGAGCGAGACUUU,2,0
hsa-miR-423-3p,0,AGCUCGGUCUGAGGCCCCUCAGU,0,0
hsa-miR-221-5p,1,AGCUACAUUGUCUGCUGGGUUUC,0,2
hsa-miR-221-3p,0,ACCUGGCAUACAAUGUAGAUUU,0,0
hsa-miR-145-5p,1,GUCCAGUUUUCCCAGGAAUCCCU,0,0
hsa-miR-145-3p,0,GGAUUCCUGGAAAUACUGUUCU,0,0
hsa-miR-368,1,AACAUAGAGGAAAUUCCACGU,0,0
hsa-miR-195-5p,1,UAGCAGCACAGAAAUAUUGGC,0,0
hsa-miR-195-3p,0,CCAAUAUUGGCUGUGCUGCUCC,0,0
hsa-miR-222-5p,1,AGCUACAUCUGGCUACUGGGU,0,1
hsa-miR-222-3p,0,CUCAGUAGCCAGUGUAGAUCCU,0,0
hsa-miR-128a,2,UCACAGUGAACCGGUCUCUUU,0,0
hsa-miR-302c-5p,1,UAAGUGCUUCCAUGUUUCAGUGG,0,0
hsa-miR-302c-3p,0,UUUAACAUGGGGGUACCUGCUG,0,0
hsa-miR-185-5p,1,UGGAGAGAAAGGCAGUUCCUGA,1,1
hsa-miR-185-3p,0,AGGGGCUGGCUUUCCUCUGGUC,0,0
hsa-miR-30b-5p,1,UGUAAACAUCCUACACUCAGCU,0,0
hsa-miR-30b-3p,0,CUGGGAGGUGGAUGUUUACUUC,0,0
hsa-miR-210,1,CUGUGCGUGUGACAGCGGCUGA,0,0
hsa-miR-375,1,UUUGUUCGUUCGGCUCGCGUGA,0,0
hsa-miR-182-5p,1,UUUGGCAAUGGUAGAACUCACACU,7,0
hsa-miR-182-3p,0,GUGAGGUAACAGGAUCCGGUGG,0,0
hsa-miR-196a-5p,2,UAGGUAGUUUCAUGUUGUUGGG,2,6
hsa-miR-196a-3p,0,CGGCAACAAGAAACUGCCUGAG,0,0
hsa-miR-31-5p,1,AGGCAAGAUGCUGGCAUAGCU,10,0
hsa-miR-31-3p,0,UGCUAUGCCAACAUAUUGCCAU,0,0
hsa-miR-136-5p,1,ACUCCAUUUGUUUUGAUGAUGGA,0,0
hsa-miR-136-3p,0,CAUCAUCGUCUCAAAUGAGUCU,0,0
hsa-miR-10a-5p,1,UACCCUGUAGAUCCGAAUUUGUG,2,2
hsa-miR-10a-3p,0,CAAAUUCGUAUCUAGGGGAAUA,0,0
hsa-miR-302d-5p,1,UAAGUGCUUCCAUGUUUGAGUGU,0,0
hsa-miR-302d-3p,0,ACUUUAACAUGGAGGCACUUGC,0,0
hsa-miR-708-5p,1,AAGGAGCUUACAAUCUAGCUGGG,0,0
hsa-miR-708-3p,0,CAACUAGACUGUGAGCUUCUAG,0,0
hsa-miR-324-5p,1,CGCAUCCCCUAGGGCAUUGGUGU,0,0
hsa-miR-324-3p,0,ACUGCCCCAGGUGCUGCUGGU,1,1
hsa-miR-193a-3p,1,AACUGGCCUACAAAGUCCCAGU,0,0
hsa-miR-193a-5p,0,UGGGUCUUUGCGGGCGAGAUGA,0,0
hsa-miR-137,1,UUAUUGCUUAAGAAUACGCGUAG,1,0
hsa-miR-378-5p,1,ACUGGACUUGGAGUCAGAAGG,0,0
hsa-miR-378-3p,0,CUCCUGACUCCAGGUCCUGUGU,0,0
hsa-miR-135b-5p,1,UAUGGCUUUUCAUUCCUAUGUGA,0,0
hsa-miR-135b-3p,0,AUGUAGGGCUAAAAGCCAUGGG,0,0
hsa-miR-342-3p,1,UCUCACACAGAAAUCGCACCCGU,1,0
hsa-miR-342-5p,0,AGGGGUGCUAUCUGUGAUUGA,0,0
hsa-miR-205,1,UCCUUCAUUCCACCGGAGUCUG,0,0
hsa-miR-192-5p,1,CUGACCUAUGAAUUGACAGCC,8,0
hsa-miR-192-3p,0,CUGCCAAUUCCAUAGGUCACAG,0,0
hsa-miR-10b-5p,1,UACCCUGUAGAACCGAAUUUGUG,1,0
hsa-miR-10b-3p,0,ACAGAUUCGAUUCUAGGGGAAU,0,0
hsa-miR-744-5p,1,UGCGGGGCUAGGGCUAACAGCA,1,0
hsa-miR-744-3p,0,CUGUUGCCACUAACCUCAACCU,0,0
hsa-miR-363-5p,1,AAUUGCACGGUAUCCAUCUGUA,0,0
hsa-miR-363-3p,0,CGGGUGGAUCACGAUGCAAUUU,0,0
hsa-miR-503,1,UAGCAGCGGGAACAGUUCUGCAG,0,0
hsa-miR-130b-5p,1,CAGUGCAAUGAUGAAAGGGCAU,0,0
hsa-miR-130b-3p,0,ACUCUUUCCCUGUUGCACUAC,0,0
hsa-miR-214-5p,1,ACAGCAGGCACAGACAGGCAGU,0,0
hsa-miR-214-3p,0,UGCCUGUCUACACUUGCUGUGC,0,0
hsa-miR-454-5p,1,UAGUGCAAUAUUGCUUAUAGGGU,0,0
hsa-miR-454-3p,0,ACCCUAUCAAUAUUGUCUCUGC,0,0
hsa-miR-379-5p,1,UGGUAGACUAUGGAACGUAGG,0,0
hsa-miR-379-3p,0,UAUGUAACAUGGUCCACUAACU,0,0
hsa-miR-301a,1,CAGUGCAAUAGUAUUGUCAAAGC,0,0
hsa-miR-98,1,UGAGGUAGUAAGUUGUAUUGUU,4,0
hsa-miR-34a-5p,1,UGGCAGUGUCUUAGCUGGUUGU,0,0
hsa-miR-34a-3p,0,CAAUCAGCAAGUAUACUGCCCU,0,0
hsa-miR-33a-5p,1,GUGCAUUGUAGUUGCAUUGCA,0,0
hsa-miR-33a-3p,0,CAAUGUUUCCACAGUGCAUCAC,0,0
hsa-miR-339-3p,1,UGAGCGCCUCGACGACAGAGCCG,0,0
hsa-miR-339-5p,0,UCCCUGUCCUCCAGGAGCUCACG,0,1
hsa-miR-301b,1,CAGUGCAAUGAUAUUGUCAAAGC,1,0
hsa-miR-377-5p,1,AUCACACAAAGGCAACUUUUGU,0,0
hsa-miR-377-3p,0,AGAGGUUGCCCUUGGUGAAUUC,0,0
hsa-miR-193b-5p,1,AACUGGCCCUCAAAGUCCCGCU,1,0
hsa-miR-193b-3p,0,CGGGGUUUUGAGGGCGAGAUGA,0,0
hsa-miR-200b-5p,1,UAAUACUGCCUGGUAAUGAUGA,0,0
hsa-miR-200b-3p,0,CAUCUUACUGGGCAGCAUUGGA,0,0
hsa-miR-652,1,AAUGGCGCCACUAGGGUUGUGU,0,0
hsa-miR-153,2,UUGCAUAGUCACAAAAGUGAUC,0,0
hsa-miR-886-5p,1,CGGGUCGGAGUUAGCUCAAGCGG,2,0
hsa-miR-886-3p,0,CGCGGGUGCUUACUGACCCUU,0,0
hsa-miR-20b-5p,1,CAAAGUGCUCAUAGUGCAGGUAG,0,0
hsa-miR-20b-3p,0,ACUGUAGUAUGGGCACUUCCAG,0,0
hsa-miR-138-5p,2,AGCUGGUGUUGUGAAUCAGGCCG,0,0
hsa-miR-138-3p,0,GCUACUUCACAACACCAGGGCC,1,0
hsa-miR-200a-5p,1,UAACACUGUCUGGUAACGAUGU,0,0
hsa-miR-200a-3p,0,CAUCUUACCGGACAGUGCUGGA,0,0
hsa-miR-199a-5p,2,CCCAGUGUUCAGACUACCUGUUC,0,0
hsa-miR-199b-5p,1,CCCAGUGUUUAGACUAUCUGUUC,0,0
hsa-miR-199a-3p,3,ACAGUAGUCUGCACAUUGGUUA,0,0
hsa-miR-33b-5p,1,GUGCAUUGCUGUUGCAUUGC,1,1
hsa-miR-33b-3p,0,CAGUGCCUCGGCAGUGCAGCCC,0,0
hsa-miR-106a-5p,1,AAAAGUGCUUACAGUGCAGGUAG,0,0
hsa-miR-106a-3p,0,CUGCAAUGUAAGCACUUCUUAC,0,0
hsa-miR-183-5p,1,UAUGGCACUGGUAGAAUUCACU,2,0
hsa-miR-183-3p,0,GUGAAUUACCGAAGGGCCAUAA,0,0
hsa-miR-92b-5p,1,UAUUGCACUCGUCCCGGCCUCC,1,0
hsa-miR-92b-3p,0,AGGGACGGGACGCGGUGCAGUG,0,0
hsa-miR-134,1,UGUGACUGGUUGACCAGAGGGG,0,0
hsa-miR-132-5p,1,UAACAGUCUACAGCCAUGGUCG,0,0
hsa-miR-132-3p,0,ACCGUGGCUUUCGAUUGUUACU,0,0
hsa-miR-148a-5p,1,UCAGUGCACUACAGAACUUUGU,0,0
hsa-miR-148a-3p,0,AAAGUUCUGAGACACUCCGACU,0,0
hsa-miR-218-5p,2,UUGUGCUUGAUCUAACCAUGU,0,0
hsa-miR-218-3p,0,AUGGUUCCGUCAAGCACCAUGG,0,0
hsa-miR-365,2,UAAUGCCCCUAAAAAUCCUUAU,0,0
hsa-miR-497-5p,1,CAGCAGCACACUGUGGUUUGU,0,0
hsa-miR-497-3p,0,CAAACCACACUGUGGUGUUAGA,0,0
hsa-miR-574-3p,1,CACGCUCAUGCACACACCCACA,0,0
hsa-miR-574-5p,0,UGAGUGUGUGUGUGUGAGUGUGU,1,0
hsa-miR-625-5p,1,AGGGGGAAAGUUCUAUAGUCC,0,0
hsa-miR-625-3p,0,GACUAUAGAACUUUCCCCCUCA,0,0
hsa-miR-488,1,UUGAAAGGCUAUUUCUUGGUCU,0,0
hsa-miR-129-5p,2,CUUUUUGCGGUCUGGGCUUGC,0,0
hsa-miR-129-3p,0,AAGCCCUUACCCCAAAAAGCAU,0,0
hsa-miR-345,1,GCUGACUCCUAGUCCAGGGCUC,0,0
hsa-miR-518b,1,CAAAGCGCUCCCCUUUAGAGGU,0,0
hsa-miR-517a,2,AUCGUGCAUCCCUUUAGAGUGU,0,0
hsa-miR-421-5p,1,AUCAACAGACAUUAAUUGGGCGC,1,0
hsa-miR-421-3p,0,GGCCUCAUUAAAUGUUUGUUG,0,0
hsa-miR-197,1,UUCACCACCUUCUCCACCCAGC,0,0
hsa-miR-18b-5p,1,UAAGGUGCAUCUAGUGCAGUUAG,0,0
hsa-miR-18b-3p,0,UGCCCUAAAUGCCCCUUCUGGC,0,0
hsa-miR-335-5p,1,UCAAGAGCAAUAACGAAAAAUGU,1,0
hsa-miR-335-3p,0,UUUUUCAUUAUUGCUCCUGACC,0,0
hsa-miR-376a-5p,2,AUCAUAGAGGAAAAUCCACGU,0,0
hsa-miR-376a-3p,0,GUAGAUUCUCCUUCUAUGAGUA,0,0
hsa-miR-361-5p,1,UUAUCAGAAUCUCCAGGGGUAC,1,0
hsa-miR-361-3p,0,UCCCCCAGGUGUGAUUCUGAUUU,0,0
hsa-miR-483-5p,1,AAGACGGGAGGAAAGAAGGGAG,0,0
hsa-miR-483-3p,0,UCACUCCUCUCCUCCCGUCUU,0,0
hsa-miR-505-5p,1,CGUCAACACUUGCUGGUUUCCU,0,0
hsa-miR-505-3p,0,GGGAGCCAGGAAGUAUUGAUGU,0,0
hsa-miR-381,1,UAUACAAGGGCAAGCUCUCUGU,0,0
hsa-miR-877-5p,1,GUAGAGGAGAUGGCGCAGGG,0,0
hsa-miR-877-3p,0,UCCUCUUCUCCCUCCUCCCAGG,0,0
hsa-miR-203,1,GUGAAAUGUUUAGGACCACUAG,0,0
hsa-miR-411-5p,1,UAGUAGACCGUAUAGCGUACG,0,0
hsa-miR-411-3p,0,UAUGUAACACGGUCCACUAACC,0,0
hsa-miR-152,1,UCAGUGCAUGACAGAACUUGG,0,0
hsa-miR-532-5p,1,CAUGCCUUGAGUGUAGGACCGU,0,0
hsa-miR-532-3p,0,CCUCCCACACCCAAGGCUUGCA,0,0
hsa-miR-224,1,CAAGUCACUAGUGGUUCCGUU,1,0
hsa-miR-154-5p,1,UAGGUUAUCCGUGUUGCCUUCG,0,0
hsa-miR-154-3p,0,AAUCAUACACGGUUGACCUAUU,0,0
hsa-miR-326,1,CCUCUGGGCCCUUCCUCCAGU,0,0
hsa-miR-373,1,GAAGUGCUUCGAUUUUGGGGUGU,0,0
hsa-miR-135a-5p,2,UAUGGCUUUUUAUUCCUAUGUGA,0,0
hsa-miR-135a-3p,0,UAUAGGGAUUGGAGCCGUGGCG,0,0
hsa-miR-202-5p,1,AGAGGUAUAGGGCAUGGGAA,0,0
hsa-miR-202-3p,0,UUCCUAUGCAUAUACUUCUUUG,0,0
hsa-miR-340-5p,1,UUAUAAAGCAAUGAGACUGAUU,0,0
hsa-miR-340-3p,0,UCCGUCUCAGUUACUUUAUAGC,0,0
hsa-miR-107,1,AGCAGCAUUGUACAGGGCUAUCA,0,0
hsa-miR-139-5p,1,UCUACAGUGCACGUGUCUCCAG,0,0
hsa-miR-139-3p,0,GGAGACGCGGCCCUGUUGGAGU,0,0
hsa-miR-545-5p,1,UCAGCAAACAUUUAUUGUGUGC,0,0
hsa-miR-545-3p,0,UCAGUAAAUGUUUAUUAGAUGA,0,0
hsa-miR-338-3p,1,UCCAGCAUCAGUGAUUUUGUUG,0,0
hsa-miR-338-5p,0,AACAAUAUCCUGGUGCUGAGUG,0,0
hsa-miR-127-3p,1,UCGGAUCCGUCUGAGCUUGGCU,0,0
hsa-miR-127-5p,0,CUGAAGCUCAGAGGGCUCUGAU,0,0
hsa-miR-516b,2,AUCUGGAGGUAAGAAGCACUUU,0,0
hsa-miR-455-3p,1,GCAGUCCAUGGGCAUAUACAC,0,0
hsa-miR-455-5p,0,UAUGUGCCUUUGGACUACAUCG,0,0
hsa-miR-500-5p,1,UAAUCCUUGCUACCUGGGUGAGA,0,0
hsa-miR-500-3p,0,AUGCACCUGGGCAAGGAUUCUG,0,0
hsa-miR-484,1,UCAGGCUCAGUCCCCUCCCGAU,0,0
hsa-miR-216a,1,UAAUCUCAGCUGGCAACUGUGA,0,0
hsa-miR-518c,1,CAAAGCGCUUCUCUUUAGAGUGU,0,0
hsa-miR-1,2,UGGAAUGUAAAGAAGUAUGUAU,0,0
hsa-miR-590-3p,1,UAAUUUUAUGUAUAAGCUAGU,2,0
hsa-miR-590-5p,0,GAGCUUAUUCAUAAAAGUGCAG,0,0
hsa-miR-372,1,AAAGUGCUGCGACAUUUGAGCGU,0,0
hsa-miR-148b-5p,1,UCAGUGCAUCACAGAACUUUGU,0,0
hsa-miR-148b-3p,0,AAGUUCUGUUAUACACUCAGGC,0,0
hsa-miR-181c-5p,1,AACAUUCAACCUGUCGGUGAGU,0,0
hsa-miR-181c-3p,0,AACCAUCGACCGUUGAGUGGAC,0,0
hsa-miR-891a,1,UGCAACGAACCUGAGCCACUGA,0,0
hsa-miR-204,1,UUCCCUUUGUCAUCCUAUGCCU,0,0
hsa-miR-570,1,CGAAAACAGCAAUUACCUUUGC,0,0
hsa-miR-188-5p,1,CAUCCCUUGCAUGGUGGAGGG,0,0
hsa-miR-188-3p,0,CUCCCACAUGCAGGGUUUGCA,0,0
hsa-miR-149,1,UCUGGCUCCGUGUCUUCACUCCC,0,0
hsa-miR-410,1,AAUAUAACACAGAUGGCCUGU,0,0
hsa-miR-431-5p,1,UGUCUUGCAGGCCGUCAUGCA,0,0
hsa-miR-431-3p,0,CAGGUCGUCUUGCAGGGCUUCU,0,0
hsa-miR-331-3p,1,GCCCCUGGGCCUAUCCUAGAA,0,0
hsa-miR-331-5p,0,CUAGGUAUGGUCCCAGGGAUCC,0,0
hsa-miR-548c,1,AAAAGUAAUUGCGGUUUUUGCC,0,0
hsa-miR-486-5p,1,UCCUGUACUGAGCUGCCCCGAG,0,0
hsa-miR-486-3p,0,CGGGGCAGCUCAGUACAGGAU,0,0
hsa-miR-518e,1,AAAGCGCUUCCCUUCAGAGUG,0,0
hsa-miR-519a,2,AAAGUGCAUCCUUUUAGAGUGU,0,0
hsa-miR-523,1,GAACGCGCUUCCCUAUAGAGGGU,0,0
hsa-miR-522,1,AAAAUGGUUCCCUUUAGAGUGU,0,0
hsa-miR-519b,1,AAAGUGCAUCCUUUUAGAGGUU,0,0
hsa-miR-519c,1,CUCUAGAGGGAAGCGCUUUCUG,0,0
hsa-miR-518e-3p,7,CUCUAGAGGGAAGCGCUUUCUG,0,0
hsa-miR-34c-5p,1,AGGCAGUGUAGUUAGCUGAUUGC,0,0
hsa-miR-34c-3p,0,AAUCACUAACCACACGGCCAGG,0,0
hsa-miR-629-5p,1,UGGGUUUACGUUGGGAGAACU,0,0
hsa-miR-629-3p,0,GUUCUCCCAACGUAAGCCCAGC,0,0
hsa-miR-452-5p,1,AACUGUUUGCAGAGGAAACUGA,2,0
hsa-miR-452-3p,0,CUCAUCUGCAAAGAAGUAAGUG,0,0
hsa-miR-184,1,UGGACGGAGAACUGAUAAGGGU,0,0
hsa-miR-660,1,UACCCAUUGCAUAUCGGAGUUG,0,0
hsa-miR-874,1,CUGCCCUGGCCCGAGGGACCGA,0,0
hsa-miR-337-5p,1,GAACGGCUUCAUACAGGAGUU,0,0
hsa-miR-337-3p,0,CUCCUAUAUGAUGCCUUUCUUC,0,0
hsa-miR-146b-5p,1,UGAGAACUGAAUUCCAUAGGCU,0,0
hsa-miR-146b-3p,0,UGCCCUGUGGACUCAGUUCUGG,0,0
hsa-miR-432,1,UCUUGGAGUAGGUCAUUGGGUGG,0,0
hsa-miR-888-5p,1,UACUCAAAAAGCUGUCAGUCA,0,0
hsa-miR-888-3p,0,GACUGACACCUCUUUGGGUGAA,0,0
hsa-miR-518f-5p,1,GAAAGCGCUUCUCUUUAGAGG,0,0
hsa-miR-518f-3p,0,CUCUAGAGGGAAGCACUUUCUC,0,0
hsa-miR-370,1,GCCUGCUGGGGUGGAACCUGGU,0,0
hsa-miR-95,1,UUCAACGGGUAUUUAUUGAGCA,0,0
hsa-miR-206,1,UGGAAUGUAAGGAAGUGUGUGG,0,0
hsa-miR-490,1,CCAUGGAUCUCCAGGUGGGU,0,0
hsa-miR-873,1,GCAGGAACUUGUGAGUCUCCU,0,0
hsa-miR-521,2,AACGCACUUCCCUUUAGAGUGU,0,0
hsa-miR-524,1,CUACAAAGGGAAGCACUUUCUC,0,0
hsa-miR-296-3p,1,GAGGGUUGGGUGGAGGCUCUCC,0,0
hsa-miR-296-5p,0,AGGGCCCCCCCUCAAUCCUGU,0,0
hsa-miR-133a,2,UUUGGUCCCCUUCAACCAGCUG,0,0
hsa-miR-892b,1,CACUGGCUCCUUUCUGGGUAGA,0,0
hsa-miR-409-3p,1,GAAUGUUGCUCGGUGAACCCCU,0,0
hsa-miR-409-5p,0,AGGUUACCCGAGCAACUUUGCAU,0,0
hsa-miR-429,1,UAAUACUGUCUGGUAAAACCGU,0,0
hsa-miR-362-5p,1,AAUCCUUGGAACCUAGGUGUGAGU,0,0
hsa-miR-362-3p,0,AACACACCUAUUCAAGGAUUCA,0,0
hsa-miR-525-3p,1,GAAGGCGCUUCCCUUUAGAGCG,0,0
hsa-miR-525-5p,0,CUCCAGAGGGAUGCACUUUCU,0,0
hsa-miR-493-5p,1,UGAAGGUCUACUGUGUGCCAGG,0,0
hsa-miR-493-3p,0,UUGUACAUGGUAGGCUUUCAUU,0,0
hsa-miR-519d,1,CAAAGUGCCUCCCUUUAGAGUG,0,0
hsa-miR-526b-5p,1,CUCUUGAGGGAAGCACUUUCUGU,0,0
hsa-miR-526b-3p,0,GAAAGUGCUUCCUUUUAGAGGC,0,0
hsa-miR-190,1,UGAUAUGUUUGAUAUAUUAGGU,1,0
hsa-miR-515-5p,2,UUCUCCAAAAGAAAGCACUUUCUG,0,0
hsa-miR-515-3p,0,GAGUGCCUUCUUUUGGAGCGUU,0,0
hsa-miR-509-5p,3,UACUGCAGACGUGGCAAUCAUG,0,0
hsa-miR-509-3p,0,UGAUUGGUACGUCUGUGGGUAG,0,0
hsa-miR-665,1,ACCAGGAGGCUGAGGCCCCU,0,0
hsa-miR-217,1,UACUGCAUCAGGAACUGAUUGGA,0,0
hsa-miR-582-3p,1,UAACUGGUUGAACAACUGAACC,1,0
hsa-miR-582-5p,0,UUACAGUUGUUCAACCAGUUACU,1,0
hsa-miR-514,3,AUUGACACUUCUGUGAGUAGA,0,0
hsa-miR-376b,1,AUCAUAGAGGAAAAUCCAUGUU,0,0
hsa-miR-371-5p,1,ACUCAAACUGUGGGGGCACU,0,0
hsa-miR-371-3p,0,AAGUGCCGCCAUCUUUUGAGUGU,0,0
hsa-miR-872,1,AAGGUUACUUGUUAGUUCAGG,0,0
hsa-miR-517c,1,AUCGUGCAUCCUUUUAGAGUGU,0,0
hsa-miR-328,1,CUGGCCCUCUCUGCCCUUCCGU,0,0
hsa-miR-187-5p,1,UCGUGUCUUGUGUUGCAGCCGG,0,0
hsa-miR-187-3p,0,GGCUACAACACAGGACCCGGGC,0,0
hsa-miR-671-5p,1,AGGAAGCCCUGGAGGGGCUGGAG,0,0
hsa-miR-671-3p,0,UCCGGUUCUCAGGGCUCCACC,0,0
hsa-miR-487b,1,AAUCGUACAGGGUCAUCCACUU,0,0
hsa-miR-651,1,UUUAGGAUAAGCUUGACUUUUG,0,0
hsa-miR-890,1,UACUUGGAAAGGCAUCAGUUG,0,0
hsa-miR-516a,2,UUCUCGAGGAAAGAAGCACUUUC,0,0
hsa-miR-219-5p,2,UGAUUGUCCAAACGCAAUUCU,0,0
hsa-miR-219-3p,0,AGAAUUGUGGCUGGACAUCUGU,0,0
hsa-miR-299-3p,1,UAUGUGGGAUGGUAAACCGCUU,0,0
hsa-miR-299-5p,0,UGGUUUACCGUCCCACAUACAU,0,0
hsa-miR-330-5p,1,UCUCUGGGCCUGUGUCUUAGGC,0,0
hsa-miR-330-3p,0,GCAAAGCACACGGCCUGCAGAGA,0,0
hsa-miR-449a,1,UGGCAGUGUAUUGUUAGCUGGU,0,0
hsa-miR-369-3p,1,AAUAAUACAUGGUUGAUCUUU,0,0
hsa-miR-369-5p,0,AGAUCGACCGUGUUAUAUUCGC,0,0
hsa-miR-485-5p,1,AGAGGCUGGCCGUGAUGAAUUC,0,0
hsa-miR-485-3p,0,GUCAUACACGGCUCUCCUCUCU,0,0
hsa-miR-672,1,UGAGGUUGGUGUACUGUGUGUGA,0,0
hsa-miR-216b,1,AAAUCUCUGCAGGCAAAUGUGA,0,0
hsa-miR-105-5p,2,UCAAAUGCUCAGACUCCUGUGGU,0,0
hsa-miR-105-3p,0,ACGGAUGUUUGAGCAUGUGCUA,0,0
hsa-miR-551b-5p,1,GCGACCCAUACUUGGUUUCAG,0,0
hsa-miR-551b-3p,0,GAAAUCAAGCGUGGGUGAGACC,1,0
hsa-miR-542-5p,1,UCGGGGAUCAUCAUGUCACGAGA,0,0
hsa-miR-542-3p,0,UGUGACAGAUUGAUAACUGAAA,0,0
hsa-miR-618,1,AAACUCUACUUGUCCUUCUGAGU,0,0
hsa-miR-502,1,AAUGCACCUGGGCAAGGAUUCA,0,0
hsa-miR-181d,1,AACAUUCAUUGUUGUCGGUGGGU,0,0
hsa-miR-382,1,GAAGUUGUUCGUGGUGGAUUCG,0,0
hsa-miR-494,1,UGAAACAUACACGGGAAACCUC,0,0
hsa-miR-508-3p,1,UGAUUGUAGCCUUUUGGAGUAGA,0,0
hsa-miR-508-5p,0,UACUCCAGAGGGCGUCACUCAUG,0,0
hsa-miR-450a,2,UUUUGCGAUGUGUUCCUAAUAU,1,0
hsa-miR-147b,1,GUGUGCGGAAAUGCUUCUGCUA,0,0
hsa-miR-589-5p,1,UGAGAACCACGUCUGCUCUGAG,0,0
hsa-miR-589-3p,0,UCAGAACAAAUGCCGGUUCCCAGA,0,0
hsa-miR-615-3p,1,UCCGAGCCUGGGUCUCCCUCUU,0,0
hsa-miR-615-5p,0,GGGGGUCCCCGGUGCUCGGAUC,0,1
hsa-miR-876-3p,1,UGGUGGUUUACAAAGUAAUUCA,0,0
hsa-miR-876-5p,0,UGGAUUUCUUUGUGAAUCACCA,0,0
hsa-miR-624-5p,1,CACAAGGUAUUGGUAUUACCU,0,0
hsa-miR-624-3p,0,UAGUACCAGUACCUUGUGUUCA,0,0
hsa-miR-518a-3p,2,GAAAGCGCUUCCCUUUGCUGGA,0,0
hsa-miR-518a-5p,3,CUGCAAAGGGAAGCCCUUUCA,0,0
hsa-miR-576-3p,1,AAGAUGUGGAAAAAUUGGAAUC,0,0
hsa-miR-576-5p,0,AUUCUAAUUUCUCCACGUCUUU,0,0
hsa-miR-499-5p,1,UUAAGACUUGCAGUGAUGUUU,0,0
hsa-miR-499-3p,0,AACAUCACAGCAAGUCUGUGCU,0,0
hsa-miR-885-5p,1,UCCAUUACACUACCCUGCCUCU,0,0
hsa-miR-885-3p,0,AGGCAGCGGGGUGUAGUGGAUA,0,0
hsa-miR-433,1,AUCAUGAUGGGCUCCUCGGUGU,0,0
hsa-miR-760,1,CGGCUCUGGGUCUGUGGGGA,0,0
hsa-miR-512,2,AAGUGCUGUCAUAGCUGAGGUC,0,0
hsa-miR-548d-5p,2,AAAAGUAAUUGUGGUUUUUGCC,0,0
hsa-miR-548d-3p,0,CAAAAACCACAGUUUCUUUUGC,0,0
hsa-miR-133b,1,UUUGGUCCCCUUCAACCAGCUA,0,0
hsa-miR-892a,1,CACUGUGUCCUUUCUGCGUAG,0,0
hsa-miR-329,2,AACACACCUGGUUAACCUCUUU,0,0
hsa-miR-674-5p,1,GCACUGAGAUGGGAGUGGUGUA,0,0
hsa-miR-674-3p,0,CACAGCUCCCAUCUCAGAACAA,0,0
hsa-miR-495,1,AAACAAACAUGGUGCACUUCUU,0,0
hsa-miR-654-3p,1,UAUGUCUGCUGACCAUCACCUU,0,0
hsa-miR-654-5p,0,UGGUGGGCCGCAGAACAUGUGC,0,0
hsa-miR-655,1,AUAAUACAUGGUUAACCUCUUU,0,0
hsa-miR-891b,1,UGCAACUUACCUGAGUCAUUGA,0,0
hsa-miR-450b-5p,1,UUUUGCAAUAUGUUCCUGAAUA,0,0
hsa-miR-450b-3p,0,UUGGGAUCAUUUUGCAUCCAUA,0,0
hsa-miR-758,1,UUUGUGACCUGGUCCACUAACC,0,0
hsa-miR-323-3p,1,CACAUUACACGGUCGACCUCU,0,0
hsa-miR-323-5p,0,AGGUGGUCCGUGGCGCGUUCGC,0,0
hsa-miR-889,1,UUAAUAUCGGACAACCAUUGU,0,0
hsa-miR-887,1,GUGAACGGGCGCCAUCCCGAGG,0,0
hsa-miR-208b,1,AUAAGACGAACAAAAGGUUUGU,0,0
hsa-miR-627,1,GUGAGUCUCUAAGAAAAGAGGA,0,0
hsa-miR-487a,1,AAUCAUACAGGGACAUCCAGUU,0,0
hsa-miR-628-3p,1,UCUAGUAAGAGUGGCAGUCGA,0,0
hsa-miR-628-5p,0,AUGCUGACAUAUUUACUAGAGG,0,0
hsa-miR-383,1,AGAUCAGAAGGUGAUUGUGGCU,0,0
hsa-miR-539,1,GGAGAAAUUAUCCUUGGUGUGU,0,0
hsa-miR-520c-3p,3,AAAGUGCUUCCUUUUAGAGGGU,0,0
hsa-miR-518d-5p,5,CUCUAGAGGGAAGCACUUUCUG,0,0
hsa-miR-518d-3p,1,CAAAGCGCUUCCCUUUGGAGCG,0,0
hsa-miR-548b-3p,1,CAAGAACCUCAGUUGCUUUUGU,0,0
hsa-miR-548b-5p,0,AAAAGUAAUUGUGGUUUUGGCC,0,0
hsa-miR-215,1,AUGACCUAUGAAUUGACAGAC,0,0
hsa-miR-520a-5p,1,CUCCAGAGGGAAGUACUUUCU,0,0
hsa-miR-520a-3p,0,AAAGUGCUUCCCUUUGGACUGU,0,0
hsa-miR-520d-5p,1,CUACAAAGGGAAGCCCUUUC,0,0
hsa-miR-520d-3p,0,AAAGUGCUUCUCUUUGGUGGGU,0,0
hsa-miR-584,1,UUAUGGUUUGCCUGGGACUGAG,0,0
hsa-miR-513-5p,2,UUCACAGGGAGGUGUCAU,0,0
hsa-miR-513-3p,0,UAAAUUUCACCUUUCUGAGAAGG,0,0
hsa-miR-579,1,UUCAUUUGGUAUAAACCGCGAUU,0,0
hsa-miR-498,1,UUUCAAGCCAGGGGGCGUUUUUC,0,0
hsa-miR-510,1,UACUCAGGAGAGUGGCAAUCAC,0,0
hsa-miR-491-5p,1,AGUGGGGAACCCUUCCAUGAGG,0,0
hsa-miR-491-3p,0,CUUAUGCAAGAUUCCCUUCUAC,0,0
hsa-miR-550,2,AGUGCCUGAGGGAGUAAGAGCCC,0,0
hsa-miR-871,1,UAUUCAGAUUAGUGCCAGUCAUG,0,0
hsa-miR-449b,1,AGGCAGUGUAUUGUUAGCUGGC,0,0
hsa-miR-556-5p,1,GAUGAGCUCAUUGUAAUAUGAG,0,0
hsa-miR-556-3p,0,AUAUUACCAUUAGCUCAUCUUU,0,0
hsa-miR-380-5p,1,UAUGUAAUAUGGUCCACAUCUU,0,0
hsa-miR-380-3p,0,AUGGUUGACCAUAGAACAUGCG,0,0
hsa-miR-519e,1,AAGUGCCUCCUUUUAGAGUGUU,0,0
hsa-miR-34b-5p,1,CAAUCACUAACUCCACUGCCAU,0,0
hsa-miR-34b-3p,0,AGGCAGUGUCAUUAGCUGAUUGU,0,0
hsa-miR-597,1,UGUGUCACUCGAUGACCACUGU,0,0
hsa-miR-504,1,AGACCCUGGUCUGCACUCUAUC,0,0
hsa-miR-653,1,GUGUUGAAACAAUCUCUACUG,0,0
hsa-miR-593-5p,1,UGUCUCUGCUGGGGUUUCU,0,0
hsa-miR-593-3p,0,AGGCACCAGCCAGGCAUUGCUCAGC,0,0
hsa-miR-520g,1,ACAAAGUGCUUCCCUUUAGAGUGU,0,0
hsa-miR-616-5p,1,AGUCAUUGGAGGGUUUGAGCAG,0,0
hsa-miR-616-3p,0,ACUCAAAACCCUUCAGUGACUU,0,0
hsa-miR-642,1,GUCCCUCUCCAAAUGUGUCUUG,0,0
hsa-miR-875-5p,1,UAUACCUCAGUUUUAUCAGGUG,0,0
hsa-miR-875-3p,0,CCUGGAAACACUGAGGUUGUG,0,0
hsa-miR-501-5p,1,AAUCCUUUGUCCCUGGGUGAGA,0,0
hsa-miR-501-3p,0,AAUGCACCCGGGCAAGGAUUCU,0,0
hsa-miR-544,1,AUUCUGCAUUUUUAGCAAGUUC,0,0
hsa-miR-507,1,UUUUGCACCUUUUGGAGUGAA,0,0
hsa-miR-548a-5p,3,AAAAGUAAUUGCGAGUUUUACC,0,0
hsa-miR-548a-3p,0,CAAAACUGGCAAUUACUUUUGC,0,0
hsa-miR-422a,1,ACUGGACUUAGGGUCAGAAGGC,0,0
hsa-miR-489,1,GUGACAUCACAUAUACGGCAGC,0,0
hsa-miR-561,1,CAAAGUUUAAGAUCCUUGAAGU,0,0
hsa-miR-598,1,UACGUCAUCGUUGUCAUCGUCA,0,0
hsa-miR-453,1,AGGUUGUCCGUGGUGAGUUCGCA,0,0
hsa-miR-636,1,UGUGCUUGCUCGUCCCGCCCGCA,0,0
hsa-miR-541-5p,1,UGGUGGGCACAGAAUCUGGACU,0,0
hsa-miR-541-3p,0,AAAGGAUUCUGCUGUCGGUCCCACU,0,0
hsa-miR-198,1,GGUCCAGAGGGGAGAUAGGUUC,0,0
hsa-miR-496,1,UGAGUAUUACAUGGCCAAUCUCU,0,0
hsa-miR-552-3p,1,AACAGGUGACUGGUUAGACAA,0,0
hsa-miR-566,1,GGGCGCCUGUGAUCCCAAC,0,0
hsa-miR-649-3p,1,AAACCUGUGUUGUUCAAGAGUC,0,0
hsa-miR-555-3p,1,AGGGUAAGCUGAACCUCUGAU,0,0
hsa-miR-492,1,AGGACCUGCGGGACAAGAUUCUU,0,0
hsa-miR-638,1,AGGGAUCGCGGGCGGGUGGCGGCCU,0,0
hsa-miR-412-3p,1,UUCACCUGGUCCACUAGCCG,0,0
hsa-miR-588,1,UUGGCCACAAUGGGUUAGAAC,0,0
hsa-miR-650,1,AGGAGGCAGCGCUCUCAGGAC,0,0
hsa-miR-640-3p,1,AUGAUCCAGGAACCUGCCUCU,0,0
hsa-miR-596,1,AAGCCUGCCCGGCUCCUCGGG,0,0
hsa-miR-619-3p,1,GACCUGGACAUGUUUGUGCCCAGU,0,0
hsa-miR-543-3p,1,AAACAUUCGCGGUGCACUUCUU,0,0
hsa-miR-643-3p,1,ACUUGUAUGCUAGCUCAGGUAG,0,0
hsa-miR-603-3p,1,CACACACUGCAAUUACUUUUGC,0,0
hsa-miR-602,1,GACACGGGCGACAGCUGCGGCCC,0,0
hsa-miR-563-3p,1,AGGUUGACAUACGUUUCCC,0,0
hsa-miR-558-3p,1,UGAGCUGCUGUACCAAAAU,0,0
hsa-miR-661-3p,1,UGCCUGGGUCUCUGGCCUGCGCGU,0,0
hsa-miR-770-5p,1,AGUACCACGUGUCAGGGCCACA,0,0
hsa-miR-770-3p,0,CGUGGGCCUGAUGUGGUGCUGG,0,0
hsa-miR-609,1,AGGGUGUUUCUCUCAUCUCU,0,0
hsa-miR-657-3p,1,GGCAGGUUCUCACCCUCUCUAGG,0,0
hsa-miR-520h-3p,1,AAAGUGCUUCCCUUUAGAGUUA,0,0
hsa-miR-511,2,GUGUCUUUUGCUCUGCAGUCA,0,0
hsa-miR-595-3p,1,GAAGUGUGCCGUGGUGUGUCU,0,0
hsa-miR-569-3p,1,AGUUAAUGAAUCCUGGAAAGU,0,0
hsa-miR-613-3p,1,AGGAAUGUUCCUUCUUUGCC,0,0
hsa-miR-802,1,UCAGUAACAAAGAUUCAUCCUU,0,0
hsa-miR-583,1,CAAAGAGGAAGGUCCCAUUAC,0,0
hsa-miR-220,1,CCACACCGUAUCUGACACUUU,0,0
hsa-miR-147a-3p,1,GUGUGUGGAAAUGCUUCUGCUA,0,0
hsa-miR-384-5p,1,UUUAAACAAUUCCUAGACAAUAU,0,0
hsa-miR-384-3p,0,AUUCCUAGAAAUUGUUCAUAAU,0,0
hsa-miR-611-3p,1,GCGAGGACCCCUCGGGGUCUGAC,0,0
hsa-miR-573,1,CUGAAGUGAUGUGUAACUGAUCAG,0,0
hsa-miR-575-3p,1,GAGCCAGUUGGACAGGAGC,0,0
hsa-miR-553,1,AAAACGGUGAGAUUUUGUUUU,0,0
hsa-miR-658-3p,1,GGCGGAGGGAAGUAGGUCCGUUGGU,0,0
hsa-miR-604-3p,1,AGGCUGCGGAAUUCAGGAC,0,0
hsa-miR-637-3p,1,ACUGGGGGCUUUCGGGCUCUGCGU,0,0
hsa-miR-580-3p,1,UUGAGAAUGAUGAAUCAUUAGG,0,0
hsa-miR-564,1,AGGCACGGUGUCAGCAGGC,0,0
hsa-miR-610,1,UGAGCUAAAUGUGUGCUGGGA,0,0
hsa-miR-633-3p,1,CUAAUAGUAUCUACCACAAUAAA,0,0
hsa-miR-562-3p,1,AAAGUAGCUGUACCAUUUGC,0,0
hsa-miR-614-3p,1,GAACGCCUGUUCUUGCCAGGUGG,0,0
hsa-miR-325-5p,1,CCUAGUAGGUGUCCAGUAAGUGU,0,0
hsa-miR-325-3p,0,UUUAUUGAGGACCUCCUAUCAA,0,0
hsa-miR-634-3p,1,AACCAGCACCCCAACUUUGGAC,0,0
hsa-miR-644-3p,1,AGUGUGGCUUUCUUAGAGC,0,0
hsa-miR-586,1,UAUGCAUUGUAUUUUUAGGUCC,0,0
hsa-miR-600-3p,1,ACUUACAGACAAGAGCCUUGCUC,0,0
hsa-miR-630-3p,1,AGUAUUCUGUACCAGGGAAGGU,0,0
hsa-miR-298,1,AGCAGAAGCAGGGAGGUUCUCCCA,0,0
hsa-miR-622-3p,1,ACAGUCUGCUGAGGUUGGAGC,0,0
hsa-miR-220b,1,CCACCACCGUGUCUGACACUU,0,0
hsa-miR-626-3p,1,AGCUGUCUGAAAAUGUCUU,0,0
hsa-miR-659-3p,1,CUUGGUUCAGGGAGGGUCCCCA,0,0
hsa-miR-585-3p,1,UGGGCGUAUCUGUAUGCUA,0,0
hsa-miR-639-3p,1,AUCGCUGCGGUUGCGAGCGCUGU,0,0
hsa-miR-568,1,AUGUAUAAAUGUAUACACAC,0,0
hsa-miR-617,1,AGACUUCCCAUUUGAAGGUGGC,0,0
hsa-miR-220c,1,ACACAGGGCUGUUGUGAAGACU,0,0
hsa-miR-211,1,UUCCCUUUGUCAUCCUUCGCCU,0,0
hsa-miR-623,1,AUCCCUUGCAGGGGCUGUUGGGU,0,0
hsa-miR-641,1,AAAGACAUAGGAUAGAGUCACCUC,0,0
hsa-miR-557-3p,1,GUUUGCACGGGUGGGCCUUGUCU,0,0
hsa-miR-212-3p,1,UAACAGUCUCCAGUCACGGCCA,0,0
hsa-miR-645-3p,1,UCUAGGCUGGUACUGCUGA,0,0
hsa-miR-632-3p,1,GUGUCUGCUUCCUGUGGGA,0,0
hsa-miR-567,1,AGUAUGUUCUUCCAGGACAGAAC,0,0
hsa-miR-605,1,UAAAUCCCAUGGUGCCUUCUCCU,0,0
hsa-miR-208-3p,1,AUAAGACGAGCAAAAAGCUUGU,0,0
hsa-miR-448-3p,1,UUGCAUAUGUAGGAUGUCCCAU,0,0
hsa-miR-621-3p,1,GGCUAGCAACAGCGCUUACCU,0,0
hsa-miR-648,1,AAGUGUGCAGGGCACUGGU,0,0
hsa-miR-592,1,UUGUGUCAAUAUGCGAUGAUGU,0,0
hsa-miR-190b,1,UGAUAUGUUUGAUAUUGGGUU,0,0
hsa-miR-520e-3p,1,AAAGUGCUUCCUUUUUGAGGGU,0,0
hsa-miR-607-3p,1,GUUCAAAUCCAGAUCUAUAAC,0,0
hsa-miR-577,1,UAGAUAAAAUAUUGGUACCUG,0,0
hsa-miR-587,1,UUUCCAUAGGUGAUGAGUCAC,0,0
hsa-miR-506-3p,1,UAAGGCACCCUUCUGAGUAGA,0,0
hsa-miR-631,1,AGACCUGGCCCAGACCUCAGC,0,0
hsa-miR-572-3p,1,GUCCGCUCGGCGGUGGCCCA,0,0
hsa-miR-578-3p,1,CUUCUUGUGCUCUAGGAUUGU,0,0
hsa-miR-300-3p,1,UAUACAAGGGCAGACUCUCUCU,0,0
hsa-miR-591,1,AGACCAUGGGUUCUCAUUGU,0,0
hsa-miR-549-3p,1,UGACAACUAUGGAUGAGCUCU,0,0
hsa-miR-601,1,UGGUCUAGGAUUGUUGGAGGAG,0,0
hsa-miR-581,1,UCUUGUGUUCUCUAGAUCAGU,0,0
hsa-miR-647,1,GUGGCUGCACUCACUUCCUUC,0,0
hsa-miR-559,1,UAAAGUAAAUAUGCACCAAAA,0,0
hsa-miR-551a-3p,1,GCGACCCACUCUUGGUUUCCA,0,0
hsa-miR-662-3p,1,UCCCACGUUGUGGCCCAGCAG,0,0
hsa-miR-635,1,ACUUGGGCACUGAAACAAUGUCC,0,0
hsa-miR-571-3p,1,UGAGUUGGCCAUCUGAGUGAG,0,0
hsa-miR-606-3p,1,AAACUACUGAAAAUCAAAGAU,0,0
hsa-miR-346,1,UGUCUGCCCGCAUGCCUGCCUCU,0,0
hsa-miR-554,1,GCUAGUCCUGACUCAGCCAGU,0,0
hsa-miR-646-3p,1,AAGCAGCUGCCUCUGAGGC,0,0
hsa-miR-656-3p,1,AAUAUUAUACAGUCAACCUCU,0,0
hsa-miR-612,1,GCUGGGCAGGGCUUCUGAGCUCCUU,0,0
hsa-miR-608,1,AGGGGUGGUGUUGGGACAGCUCCGU,0,0
hsa-miR-620-3p,1,AUGGAGAUAGAUAUAGAAAU,0,0
ebv-miR-BHRF1-5p,3,UAACGGGAAGUGUGUAAGCACA,0,0
ebv-miR-BHRF1-3p,0,UAUCUUUUGCGGCAGAAAUUGA,0,0
ebv-miR-BART8-5p,1,UACGGUUUCCUAGAUUGUACAG,0,0
ebv-miR-BART8-3p,0,GUCACAAUCUAUGGGGUCGUAGA,0,0
ebv-miR-BART6-5p,1,UAAGGUUGGUCCAAUCCAUAGG,0,0
ebv-miR-BART6-3p,0,CGGGGAUCGGACUAGCCUUAGA,0,0
ebv-miR-BART3-5p,1,CGCACCACUAGUCACCAGGUGU,0,0
ebv-miR-BART3-3p,0,ACCUAGUGUUAGUGUUGUGCU,0,0
hcmv-miR-UL22A-5p,1,UAACUAGCCUUCCCGUGAGA,0,0
hcmv-miR-UL22A-3p,0,UCACCAGAAUGCUAGUUUGUAG,0,0
ebv-miR-BART7-5p,1,CAUCAUAGUCCAGUGUCCAGGG,0,0
ebv-miR-BART7-3p,0,CCUGGACCUUGACUAUGAAACA,0,0
kshv-miR-K12-3p,11,UAGAAUACUGAGGCCUAGCUGA,0,0
kshv-miR-K12-5p,0,AGCUAAACCGCAGUACUCUAGG,0,0
ebv-miR-BART16,1,UUAGAUAGAGUGGGUGUGUGCUCU,0,0
ebv-miR-BART11-3p,1,ACGCACACCAGGCUGACUGCC,0,0
ebv-miR-BART11-5p,0,UCAGACAGUUUGGUGCGCUAGUUG,0,0
ebv-miR-BART9-5p,1,UAACACUUCAUGGGUCCCGUAGU,0,0
ebv-miR-BART9-3p,0,UACUGGACCCUGAAUUGGAAAC,0,0
ebv-miR-BART17-5p,1,UAAGAGGACGCAGGCAUACAAG,0,0
ebv-miR-BART17-3p,0,UGUAUGCCUGGUGUCCCCUUAGU,0,0
hcmv-miR-US5,2,UUAUGAUAGGUGUGACGAUGUC,0,0
hcmv-miR-US25-5p,2,AACCGCUCAGUGGCUCGGACC,0,0
hcmv-miR-US25-3p,0,UCCGAACGCUAGGUCGGUUCUC,0,0
ebv-miR-BART1-5p,1,UCUUAGUGGAAGUGACGUGCUGUG,0,0
ebv-miR-BART1-3p,0,UAGCACCGCUAUCCACUAUGUC,0,0
ebv-miR-BART10-5p,1,UACAUAACCAUGGAGUUGGCUGU,0,0
ebv-miR-BART10-3p,0,GCCACCUCUUUGGUUCUGUACA,0,0
ebv-miR-BART19-3p,1,UUUUGUUUGCUUGGGAAUGCU,0,0
ebv-miR-BART19-5p,0,ACAUUCCCCGCAAACAUGACAUG,0,0
ebv-miR-BART5,1,CAAGGUGAAUAUAGCUGCCCAUCG,0,0
ebv-miR-BART13-5p,1,UGUAACUUGCCAGGGACGGCUGA,0,0
ebv-miR-BART13-3p,0,AACCGGCUCGUGGCUCGUACAG,0,0
kshv-miR-K12-10b,1,UGGUGUUGUCCCCCCGAGUGGC,0,0
ebv-miR-BART15,1,GUCAGUGGUUUUGUUUCCUUGA,0,0
kshv-miR-K12-10a,1,UAGUGUUGUCCCCCCGAGUGGC,0,0
ebv-miR-BART2-5p,1,UAUUUUCUGCAUUCGCCCUUGC,0,0
ebv-miR-BART2-3p,0,AAGGAGCGAUUUGGAGAAAAUAAA,0,0
ebv-miR-BART4,1,GACCUGAUGCUGCUGGUGUGCU,0,0
hcmv-miR-UL112,1,AAGUGACGGUGAGAUCCAGGCU,0,0
ebv-miR-BART14-5p,1,UAAAUGCUGCAGUAGUAGGGAU,0,0
ebv-miR-BART14-3p,0,UACCCUACGCUGCCGAUUUACA,0,0
rlcv-miR-rL1-5p,16,UAGCACCGCUAUCCACUAUGUC,0,0
rlcv-miR-rL1-3p,0,UUUAGUGGAAGUGACGUGCUGUG,0,0
ebv-miR-BART12,1,UCCUGUGGUGUUUGGUGUGGUU,0,0
hcmv-miR-UL36-5p,1,UCGUUGAAGACACCUGGAAAGA,0,0
hcmv-miR-UL36-3p,0,UUUCCAGGUGUUUUCAACGUGC,0,0
ebv-miR-BART18-5p,1,UCAAGUUCGCACUUCCUAUACA,0,0
ebv-miR-BART18-3p,0,UAUCGGAAGUUUGGGCUUCGUC,0,0
ebv-miR-BART20-5p,1,UAGCAGGCAUGUCUUCAUUCC,0,0
ebv-miR-BART20-3p,0,CAUGAAGGCACAGCCUGUUACC,0,0
hcmv-miR-UL148D,1,UCGUCCUCCCCUUCUUCACCG,0,0
hcmv-miR-US33-5p,1,GAUUGUGCCCGGACCGUGGGCG,0,0
hcmv-miR-US33-3p,0,UCACGGUCCGAGCACAUCCA,0,0
mghv-miR-M1-3p,9,UAGAAAUGGCCGUACUUCCUUU,0,0
mghv-miR-M1-5p,0,AAAGGUGGAGGUGCGGUAACCU,0,0
hcmv-miR-US4,1,CGACAUGGACGUGCAGGGGGAU,0,0
hcmv-miR-UL70-5p,1,UGCGUCUCGGCCUCGUCCAGA,0,0
hcmv-miR-UL70-3p,0,GGGGAUGGGCUGGCGCGCGG,0,0
